url,ID,Federation,Form.Fed,Transfer Date
https://ratings.fide.com/fedchange.phtml?year=2000,2019221,USA,PHI,12/15/00
https://ratings.fide.com/fedchange.phtml?year=2000,14401754,BIH,CRO,1/31/00
https://ratings.fide.com/fedchange.phtml?year=2000,14401762,BIH,YUG,1/31/00
https://ratings.fide.com/fedchange.phtml?year=2000,2019221,USA,PHI,12/15/00
https://ratings.fide.com/fedchange.phtml?year=2000,14401754,BIH,CRO,1/31/00
https://ratings.fide.com/fedchange.phtml?year=2000,14401762,BIH,YUG,1/31/00
https://ratings.fide.com/fedchange.phtml?year=2001,6700284,ESA,HON,11/15/01
https://ratings.fide.com/fedchange.phtml?year=2001,1613782,AUT,ISR,7/9/01
https://ratings.fide.com/fedchange.phtml?year=2001,2600536,AUS,CAN,11/9/01
https://ratings.fide.com/fedchange.phtml?year=2001,2603977,CAN,YUG,5/25/01
https://ratings.fide.com/fedchange.phtml?year=2001,2019523,USA,AZE,3/30/01
https://ratings.fide.com/fedchange.phtml?year=2001,2603985,CAN,ENG,5/25/01
https://ratings.fide.com/fedchange.phtml?year=2001,4682084,ITA,GER,9/12/01
https://ratings.fide.com/fedchange.phtml?year=2001,2209381,PAR,ESP,12/10/01
https://ratings.fide.com/fedchange.phtml?year=2001,13601105,USA,GEO,2/13/01
https://ratings.fide.com/fedchange.phtml?year=2001,4613424,SUI,GER,12/1/01
https://ratings.fide.com/fedchange.phtml?year=2001,2604019,CAN,YUG,6/9/01
https://ratings.fide.com/fedchange.phtml?year=2001,933511,YUG,BEL,2/7/01
https://ratings.fide.com/fedchange.phtml?year=2001,3405400,CHI,CRO,6/13/01
https://ratings.fide.com/fedchange.phtml?year=2001,4154142,UKR,RUS,1/23/01
https://ratings.fide.com/fedchange.phtml?year=2001,14900440,SVK,LBN,7/5/01
https://ratings.fide.com/fedchange.phtml?year=2001,4168267,RUS,UZB,2/3/01
https://ratings.fide.com/fedchange.phtml?year=2001,4148932,UKR,RUS,10/25/01
https://ratings.fide.com/fedchange.phtml?year=2001,2019574,USA,RUS,4/2/01
https://ratings.fide.com/fedchange.phtml?year=2001,1308181,SUI,AUT,5/20/01
https://ratings.fide.com/fedchange.phtml?year=2001,6700284,ESA,HON,11/15/01
https://ratings.fide.com/fedchange.phtml?year=2001,1613782,AUT,ISR,7/9/01
https://ratings.fide.com/fedchange.phtml?year=2001,2600536,AUS,CAN,11/9/01
https://ratings.fide.com/fedchange.phtml?year=2001,2603977,CAN,YUG,5/25/01
https://ratings.fide.com/fedchange.phtml?year=2001,2019523,USA,AZE,3/30/01
https://ratings.fide.com/fedchange.phtml?year=2001,2603985,CAN,ENG,5/25/01
https://ratings.fide.com/fedchange.phtml?year=2001,4682084,ITA,GER,9/12/01
https://ratings.fide.com/fedchange.phtml?year=2001,2209381,PAR,ESP,12/10/01
https://ratings.fide.com/fedchange.phtml?year=2001,13601105,USA,GEO,2/13/01
https://ratings.fide.com/fedchange.phtml?year=2001,4613424,SUI,GER,12/1/01
https://ratings.fide.com/fedchange.phtml?year=2001,2604019,CAN,YUG,6/9/01
https://ratings.fide.com/fedchange.phtml?year=2001,933511,YUG,BEL,2/7/01
https://ratings.fide.com/fedchange.phtml?year=2001,3405400,CHI,CRO,6/13/01
https://ratings.fide.com/fedchange.phtml?year=2001,4154142,UKR,RUS,1/23/01
https://ratings.fide.com/fedchange.phtml?year=2001,14900440,SVK,LBN,7/5/01
https://ratings.fide.com/fedchange.phtml?year=2001,4168267,RUS,UZB,2/3/01
https://ratings.fide.com/fedchange.phtml?year=2001,4148932,UKR,RUS,10/25/01
https://ratings.fide.com/fedchange.phtml?year=2001,2019574,USA,RUS,4/2/01
https://ratings.fide.com/fedchange.phtml?year=2001,1308181,SUI,AUT,5/20/01
https://ratings.fide.com/fedchange.phtml?year=2002,13301918,USA,ARM,3/5/02
https://ratings.fide.com/fedchange.phtml?year=2002,13300580,USA,ARM,3/7/02
https://ratings.fide.com/fedchange.phtml?year=2002,14102463,BUL,UKR,3/4/02
https://ratings.fide.com/fedchange.phtml?year=2002,13300105,USA,ARM,3/5/02
https://ratings.fide.com/fedchange.phtml?year=2002,4121138,USA,RUS,3/5/02
https://ratings.fide.com/fedchange.phtml?year=2002,5400082,FRA,MNC,3/4/02
https://ratings.fide.com/fedchange.phtml?year=2002,621790,ESP,FRA,8/7/02
https://ratings.fide.com/fedchange.phtml?year=2002,4149610,GER,RUS,6/15/02
https://ratings.fide.com/fedchange.phtml?year=2002,919101,YUG,CAN,3/4/02
https://ratings.fide.com/fedchange.phtml?year=2002,4110706,GER,RUS,11/10/02
https://ratings.fide.com/fedchange.phtml?year=2002,1206508,ESP,ROM,5/17/02
https://ratings.fide.com/fedchange.phtml?year=2002,406457,JCI,ENG,7/24/02
https://ratings.fide.com/fedchange.phtml?year=2002,1206303,ROM,CAN,3/4/02
https://ratings.fide.com/fedchange.phtml?year=2002,2904276,MKD,BUL,4/23/02
https://ratings.fide.com/fedchange.phtml?year=2002,2212552,HON,ESP,8/26/02
https://ratings.fide.com/fedchange.phtml?year=2002,933953,YUG,CAN,3/4/02
https://ratings.fide.com/fedchange.phtml?year=2002,4143973,UKR,RUS,8/10/02
https://ratings.fide.com/fedchange.phtml?year=2002,14905361,CAN,SVK,5/25/02
https://ratings.fide.com/fedchange.phtml?year=2002,2501031,ENG,IRL,1/18/02
https://ratings.fide.com/fedchange.phtml?year=2002,310204,SVK,YUG,6/15/02
https://ratings.fide.com/fedchange.phtml?year=2002,4152417,UKR,RUS,6/10/02
https://ratings.fide.com/fedchange.phtml?year=2002,4105745,USA,RUS,6/7/02
https://ratings.fide.com/fedchange.phtml?year=2002,14400375,GER,BIH,6/7/02
https://ratings.fide.com/fedchange.phtml?year=2002,8601640,CAN,USA,5/20/02
https://ratings.fide.com/fedchange.phtml?year=2002,5200156,USA,PHI,3/5/02
https://ratings.fide.com/fedchange.phtml?year=2002,14103826,USA,UKR,5/15/02
https://ratings.fide.com/fedchange.phtml?year=2002,13900145,FRA,MDA,1/5/02
https://ratings.fide.com/fedchange.phtml?year=2002,11800097,AUT,SMR,3/5/02
https://ratings.fide.com/fedchange.phtml?year=2002,2803089,CAN,ISR,9/15/02
https://ratings.fide.com/fedchange.phtml?year=2002,1100025,USA,POL,8/28/02
https://ratings.fide.com/fedchange.phtml?year=2002,4109902,ISR,RUS,2/21/02
https://ratings.fide.com/fedchange.phtml?year=2002,13301918,USA,ARM,3/5/02
https://ratings.fide.com/fedchange.phtml?year=2002,13300580,USA,ARM,3/7/02
https://ratings.fide.com/fedchange.phtml?year=2002,14102463,BUL,UKR,3/4/02
https://ratings.fide.com/fedchange.phtml?year=2002,13300105,USA,ARM,3/5/02
https://ratings.fide.com/fedchange.phtml?year=2002,4121138,USA,RUS,3/5/02
https://ratings.fide.com/fedchange.phtml?year=2002,5400082,FRA,MNC,3/4/02
https://ratings.fide.com/fedchange.phtml?year=2002,621790,ESP,FRA,8/7/02
https://ratings.fide.com/fedchange.phtml?year=2002,4149610,GER,RUS,6/15/02
https://ratings.fide.com/fedchange.phtml?year=2002,919101,YUG,CAN,3/4/02
https://ratings.fide.com/fedchange.phtml?year=2002,4110706,GER,RUS,11/10/02
https://ratings.fide.com/fedchange.phtml?year=2002,1206508,ESP,ROM,5/17/02
https://ratings.fide.com/fedchange.phtml?year=2002,406457,JCI,ENG,7/24/02
https://ratings.fide.com/fedchange.phtml?year=2002,1206303,ROM,CAN,3/4/02
https://ratings.fide.com/fedchange.phtml?year=2002,2904276,MKD,BUL,4/23/02
https://ratings.fide.com/fedchange.phtml?year=2002,2212552,HON,ESP,8/26/02
https://ratings.fide.com/fedchange.phtml?year=2002,933953,YUG,CAN,3/4/02
https://ratings.fide.com/fedchange.phtml?year=2002,4143973,UKR,RUS,8/10/02
https://ratings.fide.com/fedchange.phtml?year=2002,14905361,CAN,SVK,5/25/02
https://ratings.fide.com/fedchange.phtml?year=2002,2501031,ENG,IRL,1/18/02
https://ratings.fide.com/fedchange.phtml?year=2002,310204,SVK,YUG,6/15/02
https://ratings.fide.com/fedchange.phtml?year=2002,4152417,UKR,RUS,6/10/02
https://ratings.fide.com/fedchange.phtml?year=2002,4105745,USA,RUS,6/7/02
https://ratings.fide.com/fedchange.phtml?year=2002,14400375,GER,BIH,6/7/02
https://ratings.fide.com/fedchange.phtml?year=2002,8601640,CAN,USA,5/20/02
https://ratings.fide.com/fedchange.phtml?year=2002,5200156,USA,PHI,3/5/02
https://ratings.fide.com/fedchange.phtml?year=2002,14103826,USA,UKR,5/15/02
https://ratings.fide.com/fedchange.phtml?year=2002,13900145,FRA,MDA,1/5/02
https://ratings.fide.com/fedchange.phtml?year=2002,11800097,AUT,SMR,3/5/02
https://ratings.fide.com/fedchange.phtml?year=2002,2803089,CAN,ISR,9/15/02
https://ratings.fide.com/fedchange.phtml?year=2002,1100025,USA,POL,8/28/02
https://ratings.fide.com/fedchange.phtml?year=2002,4109902,ISR,RUS,2/21/02
https://ratings.fide.com/fedchange.phtml?year=2003,8100977,MAR,JOR,4/3/03
https://ratings.fide.com/fedchange.phtml?year=2003,14100878,FRA,UKR,3/15/03
https://ratings.fide.com/fedchange.phtml?year=2003,3501728,USA,CUB,5/7/03
https://ratings.fide.com/fedchange.phtml?year=2003,12802212,USA,LTU,9/6/03
https://ratings.fide.com/fedchange.phtml?year=2003,401374,JAP,ENG,6/9/03
https://ratings.fide.com/fedchange.phtml?year=2003,1902334,ECU,POR,2/3/03
https://ratings.fide.com/fedchange.phtml?year=2003,3501868,ESP,CUB,8/25/03
https://ratings.fide.com/fedchange.phtml?year=2003,2222345,AND,ESP,7/23/03
https://ratings.fide.com/fedchange.phtml?year=2003,2900262,AUT,BUL,9/29/03
https://ratings.fide.com/fedchange.phtml?year=2003,2900106,PLE,BUL,10/3/03
https://ratings.fide.com/fedchange.phtml?year=2003,14501570,YUG,CRO,5/28/03
https://ratings.fide.com/fedchange.phtml?year=2003,14109042,GER,RUS,3/15/03
https://ratings.fide.com/fedchange.phtml?year=2003,1404679,ISL,DEN,12/6/03
https://ratings.fide.com/fedchange.phtml?year=2003,4629400,AUT,GER,10/16/03
https://ratings.fide.com/fedchange.phtml?year=2003,13300512,USA,ARM,2/19/03
https://ratings.fide.com/fedchange.phtml?year=2003,4142217,CZE,RUS,9/3/03
https://ratings.fide.com/fedchange.phtml?year=2003,4183150,ITA,RUS,3/18/03
https://ratings.fide.com/fedchange.phtml?year=2003,1212290,CAN,ROM,2/3/03
https://ratings.fide.com/fedchange.phtml?year=2003,11600098,BAN,LAT,2/11/03
https://ratings.fide.com/fedchange.phtml?year=2003,910775,AUS,YUG,4/29/03
https://ratings.fide.com/fedchange.phtml?year=2003,4300475,AUS,NZL,3/20/03
https://ratings.fide.com/fedchange.phtml?year=2003,14400596,GER,BIH,8/25/03
https://ratings.fide.com/fedchange.phtml?year=2003,13501151,AUS,BLR,9/19/03
https://ratings.fide.com/fedchange.phtml?year=2003,13601040,GER,GEO,12/6/03
https://ratings.fide.com/fedchange.phtml?year=2003,900060,ESP,YUG,11/28/03
https://ratings.fide.com/fedchange.phtml?year=2003,1902237,ECU,POR,2/3/03
https://ratings.fide.com/fedchange.phtml?year=2003,14508630,AUT,CRO,12/26/03
https://ratings.fide.com/fedchange.phtml?year=2003,724351,RUS,ISR,9/25/03
https://ratings.fide.com/fedchange.phtml?year=2003,8100977,MAR,JOR,4/3/03
https://ratings.fide.com/fedchange.phtml?year=2003,14100878,FRA,UKR,3/15/03
https://ratings.fide.com/fedchange.phtml?year=2003,3501728,USA,CUB,5/7/03
https://ratings.fide.com/fedchange.phtml?year=2003,12802212,USA,LTU,9/6/03
https://ratings.fide.com/fedchange.phtml?year=2003,401374,JAP,ENG,6/9/03
https://ratings.fide.com/fedchange.phtml?year=2003,1902334,ECU,POR,2/3/03
https://ratings.fide.com/fedchange.phtml?year=2003,3501868,ESP,CUB,8/25/03
https://ratings.fide.com/fedchange.phtml?year=2003,2222345,AND,ESP,7/23/03
https://ratings.fide.com/fedchange.phtml?year=2003,2900262,AUT,BUL,9/29/03
https://ratings.fide.com/fedchange.phtml?year=2003,2900106,PLE,BUL,10/3/03
https://ratings.fide.com/fedchange.phtml?year=2003,14501570,YUG,CRO,5/28/03
https://ratings.fide.com/fedchange.phtml?year=2003,14109042,GER,RUS,3/15/03
https://ratings.fide.com/fedchange.phtml?year=2003,1404679,ISL,DEN,12/6/03
https://ratings.fide.com/fedchange.phtml?year=2003,4629400,AUT,GER,10/16/03
https://ratings.fide.com/fedchange.phtml?year=2003,13300512,USA,ARM,2/19/03
https://ratings.fide.com/fedchange.phtml?year=2003,4142217,CZE,RUS,9/3/03
https://ratings.fide.com/fedchange.phtml?year=2003,4183150,ITA,RUS,3/18/03
https://ratings.fide.com/fedchange.phtml?year=2003,1212290,CAN,ROM,2/3/03
https://ratings.fide.com/fedchange.phtml?year=2003,11600098,BAN,LAT,2/11/03
https://ratings.fide.com/fedchange.phtml?year=2003,910775,AUS,YUG,4/29/03
https://ratings.fide.com/fedchange.phtml?year=2003,4300475,AUS,NZL,3/20/03
https://ratings.fide.com/fedchange.phtml?year=2003,14400596,GER,BIH,8/25/03
https://ratings.fide.com/fedchange.phtml?year=2003,13501151,AUS,BLR,9/19/03
https://ratings.fide.com/fedchange.phtml?year=2003,13601040,GER,GEO,12/6/03
https://ratings.fide.com/fedchange.phtml?year=2003,900060,ESP,YUG,11/28/03
https://ratings.fide.com/fedchange.phtml?year=2003,1902237,ECU,POR,2/3/03
https://ratings.fide.com/fedchange.phtml?year=2003,14508630,AUT,CRO,12/26/03
https://ratings.fide.com/fedchange.phtml?year=2003,724351,RUS,ISR,9/25/03
https://ratings.fide.com/fedchange.phtml?year=2004,11601230,RUS,LAT,6/29/04
https://ratings.fide.com/fedchange.phtml?year=2004,13300474,ARM,GER,5/14/04
https://ratings.fide.com/fedchange.phtml?year=2004,2806770,CAN,ISR,6/26/04
https://ratings.fide.com/fedchange.phtml?year=2004,5201179,AUS,PHI,6/27/04
https://ratings.fide.com/fedchange.phtml?year=2004,726916,GRE,HUN,7/22/04
https://ratings.fide.com/fedchange.phtml?year=2004,4695330,LIE,GER,7/28/04
https://ratings.fide.com/fedchange.phtml?year=2004,2900017,BUL,MKD,9/30/04
https://ratings.fide.com/fedchange.phtml?year=2004,1310364,FRA,SUI,11/15/04
https://ratings.fide.com/fedchange.phtml?year=2004,5300363,PLE,LBN,4/14/04
https://ratings.fide.com/fedchange.phtml?year=2004,2022656,JPN,USA,2/9/04
https://ratings.fide.com/fedchange.phtml?year=2004,4127390,GER,RUS,8/31/04
https://ratings.fide.com/fedchange.phtml?year=2004,14901510,BER,SVK,6/29/04
https://ratings.fide.com/fedchange.phtml?year=2004,4109562,GER,RUS,3/23/04
https://ratings.fide.com/fedchange.phtml?year=2004,13300610,RUS,ARM,1/6/04
https://ratings.fide.com/fedchange.phtml?year=2004,14111330,SLO,UKR,6/30/04
https://ratings.fide.com/fedchange.phtml?year=2004,14100657,GER,UKR,8/31/04
https://ratings.fide.com/fedchange.phtml?year=2004,3501841,USA,CUB,3/17/04
https://ratings.fide.com/fedchange.phtml?year=2004,5300363,USA,,4/14/04
https://ratings.fide.com/fedchange.phtml?year=2004,13500996,SWE,BLR,2/17/04
https://ratings.fide.com/fedchange.phtml?year=2004,13400584,RUS,AZE,1/22/04
https://ratings.fide.com/fedchange.phtml?year=2004,11601230,RUS,LAT,6/29/04
https://ratings.fide.com/fedchange.phtml?year=2004,13300474,ARM,GER,5/14/04
https://ratings.fide.com/fedchange.phtml?year=2004,2806770,CAN,ISR,6/26/04
https://ratings.fide.com/fedchange.phtml?year=2004,5201179,AUS,PHI,6/27/04
https://ratings.fide.com/fedchange.phtml?year=2004,726916,GRE,HUN,7/22/04
https://ratings.fide.com/fedchange.phtml?year=2004,4695330,LIE,GER,7/28/04
https://ratings.fide.com/fedchange.phtml?year=2004,2900017,BUL,MKD,9/30/04
https://ratings.fide.com/fedchange.phtml?year=2004,1310364,FRA,SUI,11/15/04
https://ratings.fide.com/fedchange.phtml?year=2004,5300363,PLE,LBN,4/14/04
https://ratings.fide.com/fedchange.phtml?year=2004,2022656,JPN,USA,2/9/04
https://ratings.fide.com/fedchange.phtml?year=2004,4127390,GER,RUS,8/31/04
https://ratings.fide.com/fedchange.phtml?year=2004,14901510,BER,SVK,6/29/04
https://ratings.fide.com/fedchange.phtml?year=2004,4109562,GER,RUS,3/23/04
https://ratings.fide.com/fedchange.phtml?year=2004,13300610,RUS,ARM,1/6/04
https://ratings.fide.com/fedchange.phtml?year=2004,14111330,SLO,UKR,6/30/04
https://ratings.fide.com/fedchange.phtml?year=2004,14100657,GER,UKR,8/31/04
https://ratings.fide.com/fedchange.phtml?year=2004,3501841,USA,CUB,3/17/04
https://ratings.fide.com/fedchange.phtml?year=2004,5300363,USA,,4/14/04
https://ratings.fide.com/fedchange.phtml?year=2004,13500996,SWE,BLR,2/17/04
https://ratings.fide.com/fedchange.phtml?year=2004,13400584,RUS,AZE,1/22/04
https://ratings.fide.com/fedchange.phtml?year=2005,3501566,MEX,CUB,6/6/05
https://ratings.fide.com/fedchange.phtml?year=2005,7600542,PLE,SYR,12/14/05
https://ratings.fide.com/fedchange.phtml?year=2005,14401487,TUR,BIH,9/5/05
https://ratings.fide.com/fedchange.phtml?year=2005,3501922,ESP,CUB,10/6/05
https://ratings.fide.com/fedchange.phtml?year=2005,102164,ESP,ARG,9/15/05
https://ratings.fide.com/fedchange.phtml?year=2005,14112990,USA,UKR,6/20/05
https://ratings.fide.com/fedchange.phtml?year=2005,4400216,USA,COL,1/18/05
https://ratings.fide.com/fedchange.phtml?year=2005,110124,ITA,ARG,12/13/05
https://ratings.fide.com/fedchange.phtml?year=2005,200930,TUR,BEL,11/1/05
https://ratings.fide.com/fedchange.phtml?year=2005,14102471,GER,UKR,6/8/05
https://ratings.fide.com/fedchange.phtml?year=2005,2000288,CAN,USA,6/8/05
https://ratings.fide.com/fedchange.phtml?year=2005,1131630,CAN,POL,6/18/05
https://ratings.fide.com/fedchange.phtml?year=2005,935506,CRO,SCG,12/7/05
https://ratings.fide.com/fedchange.phtml?year=2005,644536,PLE,FRA,5/16/05
https://ratings.fide.com/fedchange.phtml?year=2005,927210,CRO,SCG,12/7/05
https://ratings.fide.com/fedchange.phtml?year=2005,4203380,SRB,GRE,10/5/05
https://ratings.fide.com/fedchange.phtml?year=2005,13300610,ARM,RUS,11/28/05
https://ratings.fide.com/fedchange.phtml?year=2005,7600437,JOR,SYR,6/15/05
https://ratings.fide.com/fedchange.phtml?year=2005,103411,ESP,ARG,9/16/05
https://ratings.fide.com/fedchange.phtml?year=2005,13700928,GER,KAZ,1/18/05
https://ratings.fide.com/fedchange.phtml?year=2005,14600390,CRO,SLO,12/7/05
https://ratings.fide.com/fedchange.phtml?year=2005,2024209,COL,USA,12/13/05
https://ratings.fide.com/fedchange.phtml?year=2005,4900839,USA,MGL,9/13/05
https://ratings.fide.com/fedchange.phtml?year=2005,13300415,CAN,ARM,1/23/05
https://ratings.fide.com/fedchange.phtml?year=2005,13504185,FRA,BLR,9/13/05
https://ratings.fide.com/fedchange.phtml?year=2005,3501566,MEX,CUB,6/6/05
https://ratings.fide.com/fedchange.phtml?year=2005,7600542,PLE,SYR,12/14/05
https://ratings.fide.com/fedchange.phtml?year=2005,14401487,TUR,BIH,9/5/05
https://ratings.fide.com/fedchange.phtml?year=2005,3501922,ESP,CUB,10/6/05
https://ratings.fide.com/fedchange.phtml?year=2005,102164,ESP,ARG,9/15/05
https://ratings.fide.com/fedchange.phtml?year=2005,14112990,USA,UKR,6/20/05
https://ratings.fide.com/fedchange.phtml?year=2005,4400216,USA,COL,1/18/05
https://ratings.fide.com/fedchange.phtml?year=2005,110124,ITA,ARG,12/13/05
https://ratings.fide.com/fedchange.phtml?year=2005,200930,TUR,BEL,11/1/05
https://ratings.fide.com/fedchange.phtml?year=2005,14102471,GER,UKR,6/8/05
https://ratings.fide.com/fedchange.phtml?year=2005,2000288,CAN,USA,6/8/05
https://ratings.fide.com/fedchange.phtml?year=2005,1131630,CAN,POL,6/18/05
https://ratings.fide.com/fedchange.phtml?year=2005,935506,CRO,SCG,12/7/05
https://ratings.fide.com/fedchange.phtml?year=2005,644536,PLE,FRA,5/16/05
https://ratings.fide.com/fedchange.phtml?year=2005,927210,CRO,SCG,12/7/05
https://ratings.fide.com/fedchange.phtml?year=2005,4203380,SRB,GRE,10/5/05
https://ratings.fide.com/fedchange.phtml?year=2005,13300610,ARM,RUS,11/28/05
https://ratings.fide.com/fedchange.phtml?year=2005,7600437,JOR,SYR,6/15/05
https://ratings.fide.com/fedchange.phtml?year=2005,103411,ESP,ARG,9/16/05
https://ratings.fide.com/fedchange.phtml?year=2005,13700928,GER,KAZ,1/18/05
https://ratings.fide.com/fedchange.phtml?year=2005,14600390,CRO,SLO,12/7/05
https://ratings.fide.com/fedchange.phtml?year=2005,2024209,COL,USA,12/13/05
https://ratings.fide.com/fedchange.phtml?year=2005,4900839,USA,MGL,9/13/05
https://ratings.fide.com/fedchange.phtml?year=2005,13300415,CAN,ARM,1/23/05
https://ratings.fide.com/fedchange.phtml?year=2005,13504185,FRA,BLR,9/13/05
https://ratings.fide.com/fedchange.phtml?year=2006,1401815,SCO,DEN,2/8/06
https://ratings.fide.com/fedchange.phtml?year=2006,13701010,SLO,KAZ,4/27/06
https://ratings.fide.com/fedchange.phtml?year=2006,14906082,CZE,SVK,10/31/06
https://ratings.fide.com/fedchange.phtml?year=2006,3502783,ESP,COL,3/28/06
https://ratings.fide.com/fedchange.phtml?year=2006,112607,RUS,ARG,6/30/06
https://ratings.fide.com/fedchange.phtml?year=2006,1400185,ISL,DEN,3/25/06
https://ratings.fide.com/fedchange.phtml?year=2006,14400421,CRO,SCG,12/7/06
https://ratings.fide.com/fedchange.phtml?year=2006,14400049,CRO,BIH,6/30/06
https://ratings.fide.com/fedchange.phtml?year=2006,924911,CRO,SCG,10/31/06
https://ratings.fide.com/fedchange.phtml?year=2006,4500016,USA,EST,3/15/06
https://ratings.fide.com/fedchange.phtml?year=2006,1204173,USA,ROM,4/10/06
https://ratings.fide.com/fedchange.phtml?year=2006,4109821,EST,RUS,4/10/06
https://ratings.fide.com/fedchange.phtml?year=2006,14401150,CRO,BIH,7/19/06
https://ratings.fide.com/fedchange.phtml?year=2006,208078,FRA,BEL,2/15/06
https://ratings.fide.com/fedchange.phtml?year=2006,13300571,ENG,ARM,5/25/06
https://ratings.fide.com/fedchange.phtml?year=2006,921076,CRO,SCG,12/7/06
https://ratings.fide.com/fedchange.phtml?year=2006,12400149,HUN,VIE,3/28/06
https://ratings.fide.com/fedchange.phtml?year=2006,907006,CRO,SCG,12/7/06
https://ratings.fide.com/fedchange.phtml?year=2006,4148053,EST,RUS,4/10/06
https://ratings.fide.com/fedchange.phtml?year=2006,4129776,KOR,RUS,4/15/06
https://ratings.fide.com/fedchange.phtml?year=2006,14400057,CRO,BIH,6/15/06
https://ratings.fide.com/fedchange.phtml?year=2006,14111268,GER,UKR,11/11/06
https://ratings.fide.com/fedchange.phtml?year=2006,5200253,USA,PHI,10/10/06
https://ratings.fide.com/fedchange.phtml?year=2006,924024,CRO,SCG,12/7/06
https://ratings.fide.com/fedchange.phtml?year=2006,1307398,SEY,SUI,2/7/06
https://ratings.fide.com/fedchange.phtml?year=2006,4617592,CRO,GER,9/15/06
https://ratings.fide.com/fedchange.phtml?year=2006,4600304,CRO,GER,4/15/06
https://ratings.fide.com/fedchange.phtml?year=2006,905399,CRO,SCG,12/7/06
https://ratings.fide.com/fedchange.phtml?year=2006,14101289,FRA,UKR,3/22/06
https://ratings.fide.com/fedchange.phtml?year=2006,14900122,CZE,SVK,12/9/06
https://ratings.fide.com/fedchange.phtml?year=2006,14109484,RUS,UKR,6/30/06
https://ratings.fide.com/fedchange.phtml?year=2006,14107503,USA,UKR,10/31/06
https://ratings.fide.com/fedchange.phtml?year=2006,2000733,FRA,USA,5/18/06
https://ratings.fide.com/fedchange.phtml?year=2006,2019469,PLE,USA,10/30/06
https://ratings.fide.com/fedchange.phtml?year=2006,413003,KOR,ENG,5/29/06
https://ratings.fide.com/fedchange.phtml?year=2006,13900285,LUX,MDA,6/30/06
https://ratings.fide.com/fedchange.phtml?year=2006,4401328,PUR,COL,4/27/06
https://ratings.fide.com/fedchange.phtml?year=2006,3800253,ESP,PER,5/26/06
https://ratings.fide.com/fedchange.phtml?year=2006,12501948,NOR,IRI,10/12/06
https://ratings.fide.com/fedchange.phtml?year=2006,8600546,QAT,CHI,4/27/06
https://ratings.fide.com/fedchange.phtml?year=2006,4132190,ITA,RUS,2/7/06
https://ratings.fide.com/fedchange.phtml?year=2007,4205707,CYP,GRE,7/18/07
https://ratings.fide.com/fedchange.phtml?year=2007,12500283,IRI,FRA,1/25/07
https://ratings.fide.com/fedchange.phtml?year=2007,14903059,CZE,SVK,10/10/07
https://ratings.fide.com/fedchange.phtml?year=2007,3001288,ESP,URU,7/3/07
https://ratings.fide.com/fedchange.phtml?year=2007,3803392,ESP,PER,7/3/07
https://ratings.fide.com/fedchange.phtml?year=2007,4300726,AUS,NZL,1/15/07
https://ratings.fide.com/fedchange.phtml?year=2007,13902911,RUS,MDA,9/7/07
https://ratings.fide.com/fedchange.phtml?year=2007,925063,CRO,SRB,10/4/07
https://ratings.fide.com/fedchange.phtml?year=2007,400050,NZL,ENG,10/22/07
https://ratings.fide.com/fedchange.phtml?year=2007,12800619,ENG,LTU,7/13/07
https://ratings.fide.com/fedchange.phtml?year=2007,11600454,GER,LAT,5/28/07
https://ratings.fide.com/fedchange.phtml?year=2007,14201690,TJK,UZB,4/20/07
https://ratings.fide.com/fedchange.phtml?year=2007,806404,MNC,ITA,4/20/07
https://ratings.fide.com/fedchange.phtml?year=2007,6307051,TUR,GER,7/13/07
https://ratings.fide.com/fedchange.phtml?year=2007,14401061,CRO,BIH,7/13/07
https://ratings.fide.com/fedchange.phtml?year=2007,1701550,ISL,SWE,10/2/07
https://ratings.fide.com/fedchange.phtml?year=2007,11600780,GER,LAT,10/23/07
https://ratings.fide.com/fedchange.phtml?year=2007,2806126,CAN,ISR,10/2/07
https://ratings.fide.com/fedchange.phtml?year=2007,2200341,AUS,ESP,9/6/07
https://ratings.fide.com/fedchange.phtml?year=2007,4501993,CRO,EST,9/4/07
https://ratings.fide.com/fedchange.phtml?year=2007,4901134,FRA,MGL,10/26/07
https://ratings.fide.com/fedchange.phtml?year=2007,3500373,ESP,CUB,4/11/07
https://ratings.fide.com/fedchange.phtml?year=2007,14400618,SRB,BIH,10/4/07
https://ratings.fide.com/fedchange.phtml?year=2007,13503103,UKR,BLR,7/12/07
https://ratings.fide.com/fedchange.phtml?year=2007,14100673,ISR,UKR,1/15/07
https://ratings.fide.com/fedchange.phtml?year=2007,14200473,SIN,UZB,2/13/07
https://ratings.fide.com/fedchange.phtml?year=2007,14100576,USA,UKR,1/24/07
https://ratings.fide.com/fedchange.phtml?year=2007,4113250,FRA,RUS,12/6/07
https://ratings.fide.com/fedchange.phtml?year=2007,8600643,SIN,CHN,7/12/07
https://ratings.fide.com/fedchange.phtml?year=2007,2400359,ENG,SCO,11/6/07
https://ratings.fide.com/fedchange.phtml?year=2007,14104202,BEL,UKR,1/25/07
https://ratings.fide.com/fedchange.phtml?year=2007,13900765,GER,MDA,7/18/07
https://ratings.fide.com/fedchange.phtml?year=2007,2201224,AND,ESP,12/17/07
https://ratings.fide.com/fedchange.phtml?year=2007,1106686,GER,POL,4/18/07
https://ratings.fide.com/fedchange.phtml?year=2007,13400258,USA,AZE,5/28/07
https://ratings.fide.com/fedchange.phtml?year=2007,2401312,NZL,SCO,7/11/07
https://ratings.fide.com/fedchange.phtml?year=2007,923575,CRO,SRB,4/11/07
https://ratings.fide.com/fedchange.phtml?year=2007,12500259,AUT,IRI,7/4/07
https://ratings.fide.com/fedchange.phtml?year=2007,12400980,AUS,VIE,10/5/07
https://ratings.fide.com/fedchange.phtml?year=2007,3504476,ESP,CUB,4/11/07
https://ratings.fide.com/fedchange.phtml?year=2007,12000086,AUT,LIE,7/4/07
https://ratings.fide.com/fedchange.phtml?year=2007,2205521,ESP,AND,8/16/07
https://ratings.fide.com/fedchange.phtml?year=2007,5201322,SIN,PHI,10/5/07
https://ratings.fide.com/fedchange.phtml?year=2007,609110,ENG,FRA,4/11/07
https://ratings.fide.com/fedchange.phtml?year=2007,15001440,SRB,MKD,7/6/07
https://ratings.fide.com/fedchange.phtml?year=2007,3500594,DOM,CUB,7/18/07
https://ratings.fide.com/fedchange.phtml?year=2007,11600098,CZE,BAN,7/13/07
https://ratings.fide.com/fedchange.phtml?year=2007,4400038,ESP,COL,4/16/07
https://ratings.fide.com/fedchange.phtml?year=2007,13900307,RUS,MDA,5/28/07
https://ratings.fide.com/fedchange.phtml?year=2007,1400231,NOR,DEN,7/13/07
https://ratings.fide.com/fedchange.phtml?year=2007,13902504,UKR,MDA,4/11/07
https://ratings.fide.com/fedchange.phtml?year=2007,14600714,CRO,SLO,4/11/07
https://ratings.fide.com/fedchange.phtml?year=2007,4148932,GER,UKR,4/20/07
https://ratings.fide.com/fedchange.phtml?year=2007,13601679,CZE,GEO,9/7/07
https://ratings.fide.com/fedchange.phtml?year=2007,4107730,FRA,RUS,1/11/07
https://ratings.fide.com/fedchange.phtml?year=2007,14102757,GER,UKR,11/21/07
https://ratings.fide.com/fedchange.phtml?year=2007,14102587,RUS,UKR,5/28/07
https://ratings.fide.com/fedchange.phtml?year=2007,410942,WLS,ENG,10/12/07
https://ratings.fide.com/fedchange.phtml?year=2007,8600694,SIN,CHN,7/12/07
https://ratings.fide.com/fedchange.phtml?year=2007,14102110,BEL,UKR,1/25/07
https://ratings.fide.com/fedchange.phtml?year=2008,24634247,POR,GER,8/4/08
https://ratings.fide.com/fedchange.phtml?year=2008,1207075,AUS,ROU,3/13/08
https://ratings.fide.com/fedchange.phtml?year=2008,13600168,SCO,GEO,1/15/08
https://ratings.fide.com/fedchange.phtml?year=2008,926710,BIH,SRB,6/6/08
https://ratings.fide.com/fedchange.phtml?year=2008,14101440,GER,UKR,10/20/08
https://ratings.fide.com/fedchange.phtml?year=2008,927252,BIH,SRB,6/6/08
https://ratings.fide.com/fedchange.phtml?year=2008,929697,AUT,SRB,12/9/08
https://ratings.fide.com/fedchange.phtml?year=2008,2210932,ROU,ESP,12/3/08
https://ratings.fide.com/fedchange.phtml?year=2008,1205757,CAN,ROU,3/27/08
https://ratings.fide.com/fedchange.phtml?year=2008,1021303,FRA,NED,7/1/08
https://ratings.fide.com/fedchange.phtml?year=2008,3502783,ESP,COL,8/25/08
https://ratings.fide.com/fedchange.phtml?year=2008,3404650,ESP,CHI,7/4/08
https://ratings.fide.com/fedchange.phtml?year=2008,14400049,BIH,CRO,5/13/08
https://ratings.fide.com/fedchange.phtml?year=2008,929646,BIH,SRB,6/6/08
https://ratings.fide.com/fedchange.phtml?year=2008,1212915,USA,ROU,12/20/08
https://ratings.fide.com/fedchange.phtml?year=2008,14402238,BIH,CRO,6/9/08
https://ratings.fide.com/fedchange.phtml?year=2008,4629892,ITA,GER,1/22/08
https://ratings.fide.com/fedchange.phtml?year=2008,2036550,TPE,USA,4/14/08
https://ratings.fide.com/fedchange.phtml?year=2008,13500058,USA,BLR,5/7/08
https://ratings.fide.com/fedchange.phtml?year=2008,14400537,SUI,BIH,7/2/08
https://ratings.fide.com/fedchange.phtml?year=2008,2016257,CAN,USA,7/31/08
https://ratings.fide.com/fedchange.phtml?year=2008,4698746,MNC,GER,1/22/08
https://ratings.fide.com/fedchange.phtml?year=2008,316199,GER,CZE,3/11/08
https://ratings.fide.com/fedchange.phtml?year=2008,1211285,CAN,ROU,1/11/08
https://ratings.fide.com/fedchange.phtml?year=2008,1303759,GER,SUI,1/15/08
https://ratings.fide.com/fedchange.phtml?year=2008,13601717,FRA,GEO,9/12/08
https://ratings.fide.com/fedchange.phtml?year=2008,13901435,UKR,MDA,11/5/08
https://ratings.fide.com/fedchange.phtml?year=2008,13401033,AZE,,9/1/08
https://ratings.fide.com/fedchange.phtml?year=2008,13401033,AZE,,9/1/08
https://ratings.fide.com/fedchange.phtml?year=2008,13401033,AZE,,9/1/08
https://ratings.fide.com/fedchange.phtml?year=2008,13401033,AZE,RUS,9/1/08
https://ratings.fide.com/fedchange.phtml?year=2008,15000176,SRB,MKD,2/18/08
https://ratings.fide.com/fedchange.phtml?year=2008,934160,BIH,SRB,6/6/08
https://ratings.fide.com/fedchange.phtml?year=2008,14201712,KAZ,UZB,4/10/08
https://ratings.fide.com/fedchange.phtml?year=2008,930075,BIH,SRB,6/6/08
https://ratings.fide.com/fedchange.phtml?year=2008,909017,BIH,SRB,6/6/08
https://ratings.fide.com/fedchange.phtml?year=2008,2801604,CAN,ISR,9/17/08
https://ratings.fide.com/fedchange.phtml?year=2008,14100894,GER,UKR,10/20/08
https://ratings.fide.com/fedchange.phtml?year=2008,4131428,GER,RUS,8/19/08
https://ratings.fide.com/fedchange.phtml?year=2008,13503111,CAN,BLR,5/21/08
https://ratings.fide.com/fedchange.phtml?year=2008,723886,MNE,HUN,4/1/08
https://ratings.fide.com/fedchange.phtml?year=2008,932027,BIH,SRB,3/19/08
https://ratings.fide.com/fedchange.phtml?year=2008,14903563,CZE,SVK,9/8/08
https://ratings.fide.com/fedchange.phtml?year=2008,1200925,ROU,HUN,2/1/08
https://ratings.fide.com/fedchange.phtml?year=2008,24631906,LIE,GER,6/19/08
https://ratings.fide.com/fedchange.phtml?year=2008,24620602,LIE,GER,6/19/08
https://ratings.fide.com/fedchange.phtml?year=2009,1401815,DEN,SCO,11/2/09
https://ratings.fide.com/fedchange.phtml?year=2009,14102463,ESP,UKR,3/30/09
https://ratings.fide.com/fedchange.phtml?year=2009,2810115,MNC,ISR,7/24/09
https://ratings.fide.com/fedchange.phtml?year=2009,4617304,SRB,GER,1/13/09
https://ratings.fide.com/fedchange.phtml?year=2009,1032984,BEL,NED,11/5/09
https://ratings.fide.com/fedchange.phtml?year=2009,13902520,ROU,MDA,2/20/09
https://ratings.fide.com/fedchange.phtml?year=2009,13900072,ROU,MDA,12/9/09
https://ratings.fide.com/fedchange.phtml?year=2009,13903063,ROU,MDA,12/9/09
https://ratings.fide.com/fedchange.phtml?year=2009,4300033,AUS,NZL,1/13/09
https://ratings.fide.com/fedchange.phtml?year=2009,6000347,ENG,HKG,4/29/09
https://ratings.fide.com/fedchange.phtml?year=2009,933015,SRB,CRO,9/30/09
https://ratings.fide.com/fedchange.phtml?year=2009,928879,SRB,MNE,3/25/09
https://ratings.fide.com/fedchange.phtml?year=2009,907642,MNE,SRB,7/28/09
https://ratings.fide.com/fedchange.phtml?year=2009,100919,ESP,ARG,1/30/09
https://ratings.fide.com/fedchange.phtml?year=2009,8603731,USA,CHN,4/28/09
https://ratings.fide.com/fedchange.phtml?year=2009,14105454,GER,UKR,3/5/09
https://ratings.fide.com/fedchange.phtml?year=2009,1902873,AND,POR,12/3/09
https://ratings.fide.com/fedchange.phtml?year=2009,24116068,NED,RUS,3/6/09
https://ratings.fide.com/fedchange.phtml?year=2009,208078,BEL,FRA,3/5/09
https://ratings.fide.com/fedchange.phtml?year=2009,9000011,FRA,MAR,3/24/09
https://ratings.fide.com/fedchange.phtml?year=2009,24125563,FRA,RUS,8/7/09
https://ratings.fide.com/fedchange.phtml?year=2009,14116731,ESP,UKR,1/23/09
https://ratings.fide.com/fedchange.phtml?year=2009,5026520,USA,IND,6/5/09
https://ratings.fide.com/fedchange.phtml?year=2009,14109603,RUS,UKR,12/7/09
https://ratings.fide.com/fedchange.phtml?year=2009,4130561,GER,RUS,12/15/09
https://ratings.fide.com/fedchange.phtml?year=2009,2034417,JPN,USA,10/14/09
https://ratings.fide.com/fedchange.phtml?year=2009,4611020,LIE,GER,5/19/09
https://ratings.fide.com/fedchange.phtml?year=2009,14400057,BIH,CRO,3/6/09
https://ratings.fide.com/fedchange.phtml?year=2009,944661,CRO,SRB,3/5/09
https://ratings.fide.com/fedchange.phtml?year=2009,14401835,MNE,BIH,7/29/09
https://ratings.fide.com/fedchange.phtml?year=2009,14508303,SRB,CRO,7/16/09
https://ratings.fide.com/fedchange.phtml?year=2009,3100073,ISV,PUR,12/14/09
https://ratings.fide.com/fedchange.phtml?year=2009,14300435,NZL,RSA,8/4/09
https://ratings.fide.com/fedchange.phtml?year=2009,2207753,ESP,AND,1/29/09
https://ratings.fide.com/fedchange.phtml?year=2009,675946,ROU,FRA,5/5/09
https://ratings.fide.com/fedchange.phtml?year=2009,675946,FRA,ROU,9/25/09
https://ratings.fide.com/fedchange.phtml?year=2009,623830,MNC,FRA,6/22/09
https://ratings.fide.com/fedchange.phtml?year=2009,170925,LUX,ARG,7/23/09
https://ratings.fide.com/fedchange.phtml?year=2009,22260617,AND,ESP,11/24/09
https://ratings.fide.com/fedchange.phtml?year=2009,916625,MNE,SRB,7/29/09
https://ratings.fide.com/fedchange.phtml?year=2009,14910942,CZE,SVK,4/28/09
https://ratings.fide.com/fedchange.phtml?year=2009,4146387,CZE,RUS,9/8/09
https://ratings.fide.com/fedchange.phtml?year=2009,1109448,JCI,POL,7/20/09
https://ratings.fide.com/fedchange.phtml?year=2009,605832,SUI,FRA,9/18/09
https://ratings.fide.com/fedchange.phtml?year=2009,13601270,AUT,GEO,5/14/09
https://ratings.fide.com/fedchange.phtml?year=2009,2019469,USA,PLE,7/15/09
https://ratings.fide.com/fedchange.phtml?year=2009,627143,EGY,FRA,5/5/09
https://ratings.fide.com/fedchange.phtml?year=2009,14400030,BIH,NED,4/22/09
https://ratings.fide.com/fedchange.phtml?year=2009,10600809,LBA,EGY,9/2/09
https://ratings.fide.com/fedchange.phtml?year=2009,4800230,NED,IRQ,12/7/09
https://ratings.fide.com/fedchange.phtml?year=2009,14907186,CZE,SVK,9/8/09
https://ratings.fide.com/fedchange.phtml?year=2009,14110776,GER,UKR,5/21/09
https://ratings.fide.com/fedchange.phtml?year=2009,4900839,MGL,USA,6/10/09
https://ratings.fide.com/fedchange.phtml?year=2009,921114,CRO,SRB,2/12/09
https://ratings.fide.com/fedchange.phtml?year=2009,2022443,ENG,USA,5/15/09
https://ratings.fide.com/fedchange.phtml?year=2009,14910799,CZE,SVK,4/27/09
https://ratings.fide.com/fedchange.phtml?year=2009,903027,CRO,SRB,6/2/09
https://ratings.fide.com/fedchange.phtml?year=2010,4800206,AUS,IRQ,8/17/10
https://ratings.fide.com/fedchange.phtml?year=2010,689165,LBN,FRA,3/29/10
https://ratings.fide.com/fedchange.phtml?year=2010,3804933,USA,PER,6/30/10
https://ratings.fide.com/fedchange.phtml?year=2010,904422,BIH,SRB,7/2/10
https://ratings.fide.com/fedchange.phtml?year=2010,13500511,USA,BLR,7/8/10
https://ratings.fide.com/fedchange.phtml?year=2010,1126768,JCI,POL,1/25/10
https://ratings.fide.com/fedchange.phtml?year=2010,22275126,CHI,ESP,11/10/10
https://ratings.fide.com/fedchange.phtml?year=2010,725056,VIE,HUN,4/7/10
https://ratings.fide.com/fedchange.phtml?year=2010,676446,MNC,FRA,6/30/10
https://ratings.fide.com/fedchange.phtml?year=2010,3503631,COL,CUB,4/14/10
https://ratings.fide.com/fedchange.phtml?year=2010,929239,BIH,SRB,4/7/10
https://ratings.fide.com/fedchange.phtml?year=2010,2900106,BUL,PLE,12/30/10
https://ratings.fide.com/fedchange.phtml?year=2010,14401061,BIH,CRO,6/30/10
https://ratings.fide.com/fedchange.phtml?year=2010,1206435,FRA,ROU,4/26/10
https://ratings.fide.com/fedchange.phtml?year=2010,2002639,ENG,USA,10/14/10
https://ratings.fide.com/fedchange.phtml?year=2010,14401754,CRO,BIH,12/16/10
https://ratings.fide.com/fedchange.phtml?year=2010,4154401,GER,RUS,3/18/10
https://ratings.fide.com/fedchange.phtml?year=2010,4642740,CRO,GER,6/30/10
https://ratings.fide.com/fedchange.phtml?year=2010,12515914,TUR,IRI,10/19/10
https://ratings.fide.com/fedchange.phtml?year=2010,4139690,SVK,RUS,4/14/10
https://ratings.fide.com/fedchange.phtml?year=2010,410128,GRE,ENG,10/14/10
https://ratings.fide.com/fedchange.phtml?year=2010,14100312,FRA,UKR,6/30/10
https://ratings.fide.com/fedchange.phtml?year=2010,3501051,COL,CUB,5/12/10
https://ratings.fide.com/fedchange.phtml?year=2010,913979,BIH,SRB,7/2/10
https://ratings.fide.com/fedchange.phtml?year=2010,14901293,CRO,SVK,7/2/10
https://ratings.fide.com/fedchange.phtml?year=2010,1110403,CZE,POL,12/15/10
https://ratings.fide.com/fedchange.phtml?year=2010,22270728,AND,ESP,9/6/10
https://ratings.fide.com/fedchange.phtml?year=2010,14102145,GER,UKR,2/9/10
https://ratings.fide.com/fedchange.phtml?year=2010,934160,SRB,BIH,6/29/10
https://ratings.fide.com/fedchange.phtml?year=2010,2207753,AND,ESP,9/6/10
https://ratings.fide.com/fedchange.phtml?year=2010,310204,ARM,SVK,12/30/10
https://ratings.fide.com/fedchange.phtml?year=2010,2606160,BIH,CAN,7/2/10
https://ratings.fide.com/fedchange.phtml?year=2010,3502856,ESP,CUB,2/24/10
https://ratings.fide.com/fedchange.phtml?year=2010,20657307,ITA,FRA,5/21/10
https://ratings.fide.com/fedchange.phtml?year=2010,6500617,USA,CRC,12/15/10
https://ratings.fide.com/fedchange.phtml?year=2010,11600209,FRA,LAT,3/19/10
https://ratings.fide.com/fedchange.phtml?year=2010,4128290,CAN,RUS,11/10/10
https://ratings.fide.com/fedchange.phtml?year=2010,1203347,FRA,ROU,4/1/10
https://ratings.fide.com/fedchange.phtml?year=2010,14400030,NED,BIH,12/16/10
https://ratings.fide.com/fedchange.phtml?year=2010,4120094,GER,RUS,7/7/10
https://ratings.fide.com/fedchange.phtml?year=2010,4137728,UKR,RUS,1/26/10
https://ratings.fide.com/fedchange.phtml?year=2010,14120771,POR,UKR,9/26/10
https://ratings.fide.com/fedchange.phtml?year=2010,2044846,TUR,USA,7/1/10
https://ratings.fide.com/fedchange.phtml?year=2010,650609,MNC,FRA,6/30/10
https://ratings.fide.com/fedchange.phtml?year=2010,654183,MNC,FRA,6/30/10
https://ratings.fide.com/fedchange.phtml?year=2010,934038,MNE,SRB,6/30/10
https://ratings.fide.com/fedchange.phtml?year=2010,1300270,MNE,SUI,6/30/10
https://ratings.fide.com/fedchange.phtml?year=2010,1700146,LUX,SWE,7/5/10
https://ratings.fide.com/fedchange.phtml?year=2010,9900608,AUS,SRI,8/13/10
https://ratings.fide.com/fedchange.phtml?year=2010,13500147,POL,BLR,5/19/10
https://ratings.fide.com/fedchange.phtml?year=2011,12000051,AUT,LIE,6/9/11
https://ratings.fide.com/fedchange.phtml?year=2011,1018000,AHO,NED,12/26/11
https://ratings.fide.com/fedchange.phtml?year=2011,2265427,KOR,ESP,8/23/11
https://ratings.fide.com/fedchange.phtml?year=2011,14112035,ARM,,12/26/11
https://ratings.fide.com/fedchange.phtml?year=2011,933643,BIH,SRB,6/6/11
https://ratings.fide.com/fedchange.phtml?year=2011,13402153,TUR,AZE,3/4/11
https://ratings.fide.com/fedchange.phtml?year=2011,4138821,KAZ,RUS,3/31/11
https://ratings.fide.com/fedchange.phtml?year=2011,14402238,CRO,BIH,3/2/11
https://ratings.fide.com/fedchange.phtml?year=2011,1511890,IRI,NOR,8/24/11
https://ratings.fide.com/fedchange.phtml?year=2011,13900692,GER,MDA,7/4/11
https://ratings.fide.com/fedchange.phtml?year=2011,403938,CZE,ENG,8/4/11
https://ratings.fide.com/fedchange.phtml?year=2011,724971,AUT,HUN,10/6/11
https://ratings.fide.com/fedchange.phtml?year=2011,1200372,FRA,ROU,5/4/11
https://ratings.fide.com/fedchange.phtml?year=2011,1201883,FRA,ROU,5/4/11
https://ratings.fide.com/fedchange.phtml?year=2011,14108801,CZE,UKR,8/23/11
https://ratings.fide.com/fedchange.phtml?year=2011,4129709,ARM,RUS,9/6/11
https://ratings.fide.com/fedchange.phtml?year=2011,5206901,CAN,,8/23/11
https://ratings.fide.com/fedchange.phtml?year=2011,14200457,RUS,UZB,3/2/11
https://ratings.fide.com/fedchange.phtml?year=2011,11602252,USA,LAT,12/9/11
https://ratings.fide.com/fedchange.phtml?year=2011,400106,AND,ENG,5/23/11
https://ratings.fide.com/fedchange.phtml?year=2011,12935042,SUI,GER,7/11/11
https://ratings.fide.com/fedchange.phtml?year=2011,1271038,SUI,GER,9/6/11
https://ratings.fide.com/fedchange.phtml?year=2011,13702076,RUS,KAZ,11/24/11
https://ratings.fide.com/fedchange.phtml?year=2011,2209390,LAT,ESP,12/29/11
https://ratings.fide.com/fedchange.phtml?year=2011,916811,TUR,SRB,12/21/11
https://ratings.fide.com/fedchange.phtml?year=2011,3209105,SUI,AUS,7/20/11
https://ratings.fide.com/fedchange.phtml?year=2011,3900258,VEN,ENG,4/28/11
https://ratings.fide.com/fedchange.phtml?year=2011,505161,CAN,FIN,6/28/11
https://ratings.fide.com/fedchange.phtml?year=2011,12000051,AUT,LIE,6/9/11
https://ratings.fide.com/fedchange.phtml?year=2011,1018000,AHO,NED,12/26/11
https://ratings.fide.com/fedchange.phtml?year=2011,2265427,KOR,ESP,8/23/11
https://ratings.fide.com/fedchange.phtml?year=2011,14112035,ARM,,12/26/11
https://ratings.fide.com/fedchange.phtml?year=2011,933643,BIH,SRB,6/6/11
https://ratings.fide.com/fedchange.phtml?year=2011,13402153,TUR,AZE,3/4/11
https://ratings.fide.com/fedchange.phtml?year=2011,4138821,KAZ,RUS,3/31/11
https://ratings.fide.com/fedchange.phtml?year=2011,14402238,CRO,BIH,3/2/11
https://ratings.fide.com/fedchange.phtml?year=2011,1511890,IRI,NOR,8/24/11
https://ratings.fide.com/fedchange.phtml?year=2011,13900692,GER,MDA,7/4/11
https://ratings.fide.com/fedchange.phtml?year=2011,403938,CZE,ENG,8/4/11
https://ratings.fide.com/fedchange.phtml?year=2011,724971,AUT,HUN,10/6/11
https://ratings.fide.com/fedchange.phtml?year=2011,1200372,FRA,ROU,5/4/11
https://ratings.fide.com/fedchange.phtml?year=2011,1201883,FRA,ROU,5/4/11
https://ratings.fide.com/fedchange.phtml?year=2011,14108801,CZE,UKR,8/23/11
https://ratings.fide.com/fedchange.phtml?year=2011,4129709,ARM,RUS,9/6/11
https://ratings.fide.com/fedchange.phtml?year=2011,5206901,CAN,,8/23/11
https://ratings.fide.com/fedchange.phtml?year=2011,14200457,RUS,UZB,3/2/11
https://ratings.fide.com/fedchange.phtml?year=2011,11602252,USA,LAT,12/9/11
https://ratings.fide.com/fedchange.phtml?year=2011,400106,AND,ENG,5/23/11
https://ratings.fide.com/fedchange.phtml?year=2011,12935042,SUI,GER,7/11/11
https://ratings.fide.com/fedchange.phtml?year=2011,1271038,SUI,GER,9/6/11
https://ratings.fide.com/fedchange.phtml?year=2011,13702076,RUS,KAZ,11/24/11
https://ratings.fide.com/fedchange.phtml?year=2011,2209390,LAT,ESP,12/29/11
https://ratings.fide.com/fedchange.phtml?year=2011,916811,TUR,SRB,12/21/11
https://ratings.fide.com/fedchange.phtml?year=2011,3209105,SUI,AUS,7/20/11
https://ratings.fide.com/fedchange.phtml?year=2011,3900258,VEN,ENG,4/28/11
https://ratings.fide.com/fedchange.phtml?year=2011,505161,CAN,FIN,6/28/11
https://ratings.fide.com/fedchange.phtml?year=2012,25006711,USA,IND,6/5/12
https://ratings.fide.com/fedchange.phtml?year=2012,14000385,TUR,TKM,6/5/12
https://ratings.fide.com/fedchange.phtml?year=2012,20697465,MNC,FRA,12/20/12
https://ratings.fide.com/fedchange.phtml?year=2012,2028255,JPN,USA,5/18/12
https://ratings.fide.com/fedchange.phtml?year=2012,1024523,BEL,NED,5/30/12
https://ratings.fide.com/fedchange.phtml?year=2012,821322,ALB,ITA,11/6/12
https://ratings.fide.com/fedchange.phtml?year=2012,4000013,ITA,LUX,8/8/12
https://ratings.fide.com/fedchange.phtml?year=2012,408280,NOR,ENG,7/6/12
https://ratings.fide.com/fedchange.phtml?year=2012,14105870,NOR,UKR,5/18/12
https://ratings.fide.com/fedchange.phtml?year=2012,14200937,USA,UZB,7/30/12
https://ratings.fide.com/fedchange.phtml?year=2012,1511890,NOR,IRI,6/13/12
https://ratings.fide.com/fedchange.phtml?year=2012,2054485,SUI,USA,4/16/12
https://ratings.fide.com/fedchange.phtml?year=2012,5086310,USA,IND,8/10/12
https://ratings.fide.com/fedchange.phtml?year=2012,405647,NZL,ENG,11/6/12
https://ratings.fide.com/fedchange.phtml?year=2012,13401238,TUR,AZE,12/17/12
https://ratings.fide.com/fedchange.phtml?year=2012,413364,TUR,ENG,2/8/12
https://ratings.fide.com/fedchange.phtml?year=2012,12923338,SUI,GER,12/17/12
https://ratings.fide.com/fedchange.phtml?year=2012,14116731,TUR,ESP,2/1/12
https://ratings.fide.com/fedchange.phtml?year=2012,14531216,LIE,CRO,5/31/12
https://ratings.fide.com/fedchange.phtml?year=2012,600067,ENG,FRA,7/24/12
https://ratings.fide.com/fedchange.phtml?year=2012,743763,AUT,HUN,3/1/12
https://ratings.fide.com/fedchange.phtml?year=2012,4156803,ESP,RUS,3/20/12
https://ratings.fide.com/fedchange.phtml?year=2012,500755,NOR,FIN,7/6/12
https://ratings.fide.com/fedchange.phtml?year=2012,1148184,IRL,POL,5/21/12
https://ratings.fide.com/fedchange.phtml?year=2012,14402092,CRO,BIH,3/7/12
https://ratings.fide.com/fedchange.phtml?year=2012,4301498,ENG,NZL,10/18/12
https://ratings.fide.com/fedchange.phtml?year=2012,13601377,ESP,GEO,3/16/12
https://ratings.fide.com/fedchange.phtml?year=2012,10206248,FRA,BAN,6/28/12
https://ratings.fide.com/fedchange.phtml?year=2012,14100100,ESP,UKR,10/17/12
https://ratings.fide.com/fedchange.phtml?year=2012,3800229,ESP,PER,3/30/12
https://ratings.fide.com/fedchange.phtml?year=2012,1036718,GER,NED,11/6/12
https://ratings.fide.com/fedchange.phtml?year=2012,901512,BIH,SRB,12/17/12
https://ratings.fide.com/fedchange.phtml?year=2012,12406716,CAN,VIE,9/6/12
https://ratings.fide.com/fedchange.phtml?year=2012,1203096,CAN,ROU,3/20/12
https://ratings.fide.com/fedchange.phtml?year=2012,1213261,NED,ROU,11/14/12
https://ratings.fide.com/fedchange.phtml?year=2012,2309157,SWE,ISL,6/28/12
https://ratings.fide.com/fedchange.phtml?year=2012,924164,BIH,SRB,12/17/12
https://ratings.fide.com/fedchange.phtml?year=2012,2802295,CAN,ISR,7/6/12
https://ratings.fide.com/fedchange.phtml?year=2012,912956,MNE,SRB,7/30/12
https://ratings.fide.com/fedchange.phtml?year=2012,402060,WLS,ENG,7/30/12
https://ratings.fide.com/fedchange.phtml?year=2012,12800864,ENG,LTU,12/17/12
https://ratings.fide.com/fedchange.phtml?year=2012,14100126,ISR,UKR,3/20/12
https://ratings.fide.com/fedchange.phtml?year=2012,4134494,CZE,RUS,7/24/12
https://ratings.fide.com/fedchange.phtml?year=2012,902969,BIH,SRB,12/17/12
https://ratings.fide.com/fedchange.phtml?year=2012,14401762,SRB,BIH,6/28/12
https://ratings.fide.com/fedchange.phtml?year=2012,402893,SCO,ENG,1/13/12
https://ratings.fide.com/fedchange.phtml?year=2012,1208624,SIN,ROU,9/19/12
https://ratings.fide.com/fedchange.phtml?year=2012,1039830,AHO,NED,5/31/12
https://ratings.fide.com/fedchange.phtml?year=2012,1020870,AHO,NED,10/10/12
https://ratings.fide.com/fedchange.phtml?year=2012,8601844,KOR,CHN,4/28/12
https://ratings.fide.com/fedchange.phtml?year=2012,407380,WLS,ENG,4/16/12
https://ratings.fide.com/fedchange.phtml?year=2012,6000908,SIN,HKG,9/19/12
https://ratings.fide.com/fedchange.phtml?year=2012,2026651,TUR,USA,4/27/12
https://ratings.fide.com/fedchange.phtml?year=2013,942740,SUI,SRB,4/17/13
https://ratings.fide.com/fedchange.phtml?year=2013,5901227,TUR,CYP,12/6/13
https://ratings.fide.com/fedchange.phtml?year=2013,13612018,GEO,IRI,12/3/13
https://ratings.fide.com/fedchange.phtml?year=2013,12543691,GEO,IRI,12/3/13
https://ratings.fide.com/fedchange.phtml?year=2013,4692055,SUI,GER,10/2/13
https://ratings.fide.com/fedchange.phtml?year=2013,644536,FRA,PLE,10/7/13
https://ratings.fide.com/fedchange.phtml?year=2013,4700481,BEL,ALB,4/24/13
https://ratings.fide.com/fedchange.phtml?year=2013,9900268,USA,SRI,5/6/13
https://ratings.fide.com/fedchange.phtml?year=2013,3503631,PAR,COL,2/18/13
https://ratings.fide.com/fedchange.phtml?year=2013,908355,USA,BIH,9/12/13
https://ratings.fide.com/fedchange.phtml?year=2013,14112035,UKR,ARM,9/13/13
https://ratings.fide.com/fedchange.phtml?year=2013,2805642,USA,ISR,1/21/13
https://ratings.fide.com/fedchange.phtml?year=2013,4617738,AND,GER,10/8/13
https://ratings.fide.com/fedchange.phtml?year=2013,5803560,ENG,SIN,4/17/13
https://ratings.fide.com/fedchange.phtml?year=2013,10700331,JCI,GCI,1/17/13
https://ratings.fide.com/fedchange.phtml?year=2013,32041667,ARG,ESP,9/3/13
https://ratings.fide.com/fedchange.phtml?year=2013,405817,SCO,ENG,1/14/13
https://ratings.fide.com/fedchange.phtml?year=2013,201820,TUR,BEL,2/6/13
https://ratings.fide.com/fedchange.phtml?year=2013,1706063,FIN,SWE,6/10/13
https://ratings.fide.com/fedchange.phtml?year=2013,3504387,USA,CUB,12/24/13
https://ratings.fide.com/fedchange.phtml?year=2013,16300190,MAC,TPE,7/25/13
https://ratings.fide.com/fedchange.phtml?year=2013,2046105,IRL,USA,6/18/13
https://ratings.fide.com/fedchange.phtml?year=2013,13401823,TUR,AZE,2/13/13
https://ratings.fide.com/fedchange.phtml?year=2013,13601733,USA,GEO,3/21/13
https://ratings.fide.com/fedchange.phtml?year=2013,12938041,SCO,GER,7/24/13
https://ratings.fide.com/fedchange.phtml?year=2013,14117908,LAT,UKR,4/9/13
https://ratings.fide.com/fedchange.phtml?year=2013,114987,CAN,ARG,8/22/13
https://ratings.fide.com/fedchange.phtml?year=2013,600180,MNC,FRA,4/26/13
https://ratings.fide.com/fedchange.phtml?year=2013,8605718,SIN,CHN,5/27/13
https://ratings.fide.com/fedchange.phtml?year=2013,427799,USA,ENG,3/5/13
https://ratings.fide.com/fedchange.phtml?year=2013,3902773,AHO,VEN,10/2/13
https://ratings.fide.com/fedchange.phtml?year=2013,14602059,BIH,SLO,1/18/13
https://ratings.fide.com/fedchange.phtml?year=2013,2900343,TUR,BUL,4/2/13
https://ratings.fide.com/fedchange.phtml?year=2013,14104946,BEL,UKR,10/23/13
https://ratings.fide.com/fedchange.phtml?year=2013,13703803,CZE,KAZ,9/20/13
https://ratings.fide.com/fedchange.phtml?year=2013,2229560,HKG,ESP,3/18/13
https://ratings.fide.com/fedchange.phtml?year=2013,1200208,FRA,ROU,3/25/13
https://ratings.fide.com/fedchange.phtml?year=2013,322750,USA,CZE,6/10/13
https://ratings.fide.com/fedchange.phtml?year=2013,4134729,USA,RUS,6/18/13
https://ratings.fide.com/fedchange.phtml?year=2013,928399,SRB,MNE,12/17/13
https://ratings.fide.com/fedchange.phtml?year=2013,404691,ESP,ENG,9/5/13
https://ratings.fide.com/fedchange.phtml?year=2013,5018064,USA,IND,7/17/13
https://ratings.fide.com/fedchange.phtml?year=2013,1716450,FIN,SWE,6/10/13
https://ratings.fide.com/fedchange.phtml?year=2013,13401416,BEL,AZE,8/21/13
https://ratings.fide.com/fedchange.phtml?year=2013,26028450,ALG,GER,8/19/13
https://ratings.fide.com/fedchange.phtml?year=2013,1185543,ESP,POL,6/25/13
https://ratings.fide.com/fedchange.phtml?year=2013,25004301,AUS,IND,10/23/13
https://ratings.fide.com/fedchange.phtml?year=2013,12911690,EGY,GER,8/19/13
https://ratings.fide.com/fedchange.phtml?year=2013,4301765,ENG,NZL,8/20/13
https://ratings.fide.com/fedchange.phtml?year=2013,14400596,SRB,GER,3/18/13
https://ratings.fide.com/fedchange.phtml?year=2013,2051192,USA,CAN,2/8/13
https://ratings.fide.com/fedchange.phtml?year=2013,600024,RUS,FRA,6/13/13
https://ratings.fide.com/fedchange.phtml?year=2013,24111627,TOG,RUS,8/29/13
https://ratings.fide.com/fedchange.phtml?year=2013,824909,MNC,ITA,5/6/13
https://ratings.fide.com/fedchange.phtml?year=2013,937266,SRB,MNE,4/4/13
https://ratings.fide.com/fedchange.phtml?year=2013,407143,WLS,ENG,2/5/13
https://ratings.fide.com/fedchange.phtml?year=2013,408590,WLS,ENG,4/24/13
https://ratings.fide.com/fedchange.phtml?year=2014,13400215,TUR,AZE,5/20/14
https://ratings.fide.com/fedchange.phtml?year=2014,35006860,USA,IND,7/9/14
https://ratings.fide.com/fedchange.phtml?year=2014,20694229,MNC,FRA,6/18/14
https://ratings.fide.com/fedchange.phtml?year=2014,46641718,KEN,IND,11/25/14
https://ratings.fide.com/fedchange.phtml?year=2014,5032725,USA,IND,3/4/14
https://ratings.fide.com/fedchange.phtml?year=2014,2804395,AUS,ISR,12/9/14
https://ratings.fide.com/fedchange.phtml?year=2014,12802760,DEN,LTU,2/25/14
https://ratings.fide.com/fedchange.phtml?year=2014,4646215,MNC,GER,2/19/14
https://ratings.fide.com/fedchange.phtml?year=2014,429031,ITA,ENG,9/24/14
https://ratings.fide.com/fedchange.phtml?year=2014,3503844,ECU,CUB,5/12/14
https://ratings.fide.com/fedchange.phtml?year=2014,12800066,MNC,LTU,4/4/14
https://ratings.fide.com/fedchange.phtml?year=2014,2093472,HKG,USA,6/26/14
https://ratings.fide.com/fedchange.phtml?year=2014,3506690,USA,CUB,3/20/14
https://ratings.fide.com/fedchange.phtml?year=2014,32009232,SWE,ESP,3/5/14
https://ratings.fide.com/fedchange.phtml?year=2014,12576468,GEO,IRI,10/9/14
https://ratings.fide.com/fedchange.phtml?year=2014,26025396,MNC,FRA,6/18/14
https://ratings.fide.com/fedchange.phtml?year=2014,4158296,LAT,RUS,9/2/14
https://ratings.fide.com/fedchange.phtml?year=2014,3504190,ECU,CUB,4/11/14
https://ratings.fide.com/fedchange.phtml?year=2014,20689284,GER,FRA,6/17/14
https://ratings.fide.com/fedchange.phtml?year=2014,14101807,RUS,UKR,2/5/14
https://ratings.fide.com/fedchange.phtml?year=2014,14121379,ITA,UKR,1/10/14
https://ratings.fide.com/fedchange.phtml?year=2014,8602425,SIN,CHN,3/21/14
https://ratings.fide.com/fedchange.phtml?year=2014,1301047,MNC,SUI,2/19/14
https://ratings.fide.com/fedchange.phtml?year=2014,14104652,RUS,UKR,10/13/14
https://ratings.fide.com/fedchange.phtml?year=2014,4105290,GER,RUS,12/4/14
https://ratings.fide.com/fedchange.phtml?year=2014,13503391,ISR,BLR,9/19/14
https://ratings.fide.com/fedchange.phtml?year=2014,4153979,TUR,RUS,4/29/14
https://ratings.fide.com/fedchange.phtml?year=2014,13300865,BEL,ARM,5/5/14
https://ratings.fide.com/fedchange.phtml?year=2014,5805422,IND,SIN,8/22/14
https://ratings.fide.com/fedchange.phtml?year=2014,5805430,IND,SIN,8/22/14
https://ratings.fide.com/fedchange.phtml?year=2014,10800859,IND,KEN,2/4/14
https://ratings.fide.com/fedchange.phtml?year=2014,4135822,CZE,RUS,5/16/14
https://ratings.fide.com/fedchange.phtml?year=2014,24698016,TUR,GER,10/8/14
https://ratings.fide.com/fedchange.phtml?year=2014,14142368,AUT,UKR,8/18/14
https://ratings.fide.com/fedchange.phtml?year=2014,12543640,USA,IRI,5/8/14
https://ratings.fide.com/fedchange.phtml?year=2014,13712209,NOR,KAZ,2/27/14
https://ratings.fide.com/fedchange.phtml?year=2014,14102072,ISR,UKR,5/19/14
https://ratings.fide.com/fedchange.phtml?year=2014,4211626,CZE,GRE,9/2/14
https://ratings.fide.com/fedchange.phtml?year=2014,14109336,RUS,UKR,7/11/14
https://ratings.fide.com/fedchange.phtml?year=2014,14122294,RUS,UKR,10/10/14
https://ratings.fide.com/fedchange.phtml?year=2014,633747,MNC,FRA,2/18/14
https://ratings.fide.com/fedchange.phtml?year=2014,8609608,SIN,CHN,5/15/14
https://ratings.fide.com/fedchange.phtml?year=2014,8610410,CAN,CHN,8/10/14
https://ratings.fide.com/fedchange.phtml?year=2014,4173031,GER,RUS,5/16/14
https://ratings.fide.com/fedchange.phtml?year=2014,934216,BIH,SRB,4/18/14
https://ratings.fide.com/fedchange.phtml?year=2014,600423,MNC,FRA,6/24/14
https://ratings.fide.com/fedchange.phtml?year=2014,3503232,VEN,CUB,3/13/14
https://ratings.fide.com/fedchange.phtml?year=2014,4700180,FRA,ALB,7/24/14
https://ratings.fide.com/fedchange.phtml?year=2014,2136830,ITA,BRA,11/17/14
https://ratings.fide.com/fedchange.phtml?year=2014,14111330,UKR,SLO,5/5/14
https://ratings.fide.com/fedchange.phtml?year=2014,1206265,BEL,ROU,9/2/14
https://ratings.fide.com/fedchange.phtml?year=2014,1202758,GER,ROU,4/2/14
https://ratings.fide.com/fedchange.phtml?year=2014,13400193,TUR,AZE,4/29/14
https://ratings.fide.com/fedchange.phtml?year=2014,4902386,CAN,MGL,8/10/14
https://ratings.fide.com/fedchange.phtml?year=2014,937576,FRA,FID,7/25/14
https://ratings.fide.com/fedchange.phtml?year=2014,24630217,POL,GER,8/20/14
https://ratings.fide.com/fedchange.phtml?year=2014,1210947,NED,ROU,2/4/14
https://ratings.fide.com/fedchange.phtml?year=2014,13603620,USA,GEO,10/30/14
https://ratings.fide.com/fedchange.phtml?year=2014,918695,ITA,SRB,9/19/14
https://ratings.fide.com/fedchange.phtml?year=2014,30910200,SUI,USA,10/27/14
https://ratings.fide.com/fedchange.phtml?year=2014,3507831,PAR,CUB,3/4/14
https://ratings.fide.com/fedchange.phtml?year=2014,2403021,CZE,SCO,8/2/14
https://ratings.fide.com/fedchange.phtml?year=2014,5803837,AUS,SIN,3/26/14
https://ratings.fide.com/fedchange.phtml?year=2014,35081136,NZL,IND,6/24/14
https://ratings.fide.com/fedchange.phtml?year=2014,408697,AUS,ENG,3/21/14
https://ratings.fide.com/fedchange.phtml?year=2014,101710,URU,ARG,11/17/14
https://ratings.fide.com/fedchange.phtml?year=2014,13405039,TUR,AZE,2/5/14
https://ratings.fide.com/fedchange.phtml?year=2014,13401416,AZE,BEL,12/2/14
https://ratings.fide.com/fedchange.phtml?year=2014,10601279,ISL,EGY,5/26/14
https://ratings.fide.com/fedchange.phtml?year=2014,13503189,USA,BLR,4/15/14
https://ratings.fide.com/fedchange.phtml?year=2014,4131177,UKR,RUS,8/6/14
https://ratings.fide.com/fedchange.phtml?year=2014,5202213,USA,PHI,10/28/14
https://ratings.fide.com/fedchange.phtml?year=2014,1202600,SRB,ROU,7/4/14
https://ratings.fide.com/fedchange.phtml?year=2014,1330799,GER,SUI,7/30/14
https://ratings.fide.com/fedchange.phtml?year=2014,7700016,TTO,ENG,10/21/14
https://ratings.fide.com/fedchange.phtml?year=2014,7700016,ENG,TTO,10/21/14
https://ratings.fide.com/fedchange.phtml?year=2014,2001390,CAM,USA,4/17/14
https://ratings.fide.com/fedchange.phtml?year=2014,1123645,AUT,POL,8/8/14
https://ratings.fide.com/fedchange.phtml?year=2014,11601116,GER,LAT,1/10/14
https://ratings.fide.com/fedchange.phtml?year=2014,1641581,GER,AUT,7/9/14
https://ratings.fide.com/fedchange.phtml?year=2014,10604006,AUS,EGY,11/13/14
https://ratings.fide.com/fedchange.phtml?year=2014,24101940,ISR,RUS,6/18/14
https://ratings.fide.com/fedchange.phtml?year=2015,7604408,FIN,SYR,5/22/15
https://ratings.fide.com/fedchange.phtml?year=2015,7604157,FIN,SYR,5/22/15
https://ratings.fide.com/fedchange.phtml?year=2015,4144198,ISR,RUS,1/16/15
https://ratings.fide.com/fedchange.phtml?year=2015,13415034,TUR,AZE,8/4/15
https://ratings.fide.com/fedchange.phtml?year=2015,13601865,ESP,GEO,7/20/15
https://ratings.fide.com/fedchange.phtml?year=2015,26042380,MLT,FRA,9/8/15
https://ratings.fide.com/fedchange.phtml?year=2015,30902118,SIN,USA,2/5/15
https://ratings.fide.com/fedchange.phtml?year=2015,4100140,CAN,RUS,9/4/15
https://ratings.fide.com/fedchange.phtml?year=2015,26080192,MNC,FRA,7/29/15
https://ratings.fide.com/fedchange.phtml?year=2015,1032976,BEL,NED,7/20/15
https://ratings.fide.com/fedchange.phtml?year=2015,35064541,USA,IND,8/28/15
https://ratings.fide.com/fedchange.phtml?year=2015,24197939,CZE,RUS,3/12/15
https://ratings.fide.com/fedchange.phtml?year=2015,2020009,USA,ITA,6/25/15
https://ratings.fide.com/fedchange.phtml?year=2015,925063,NOR,CRO,6/9/15
https://ratings.fide.com/fedchange.phtml?year=2015,3520498,USA,CUB,6/5/15
https://ratings.fide.com/fedchange.phtml?year=2015,36007293,MNC,FRA,7/23/15
https://ratings.fide.com/fedchange.phtml?year=2015,4284488,SCO,GRE,8/28/15
https://ratings.fide.com/fedchange.phtml?year=2015,12576468,IRI,GEO,3/2/15
https://ratings.fide.com/fedchange.phtml?year=2015,3515737,VEN,CUB,10/14/15
https://ratings.fide.com/fedchange.phtml?year=2015,404420,WLS,ENG,7/27/15
https://ratings.fide.com/fedchange.phtml?year=2015,14149893,CAN,UKR,9/11/15
https://ratings.fide.com/fedchange.phtml?year=2015,12945129,TUR,GER,6/18/15
https://ratings.fide.com/fedchange.phtml?year=2015,4662369,TUR,GER,2/24/15
https://ratings.fide.com/fedchange.phtml?year=2015,2402076,ISV,SCO,2/12/15
https://ratings.fide.com/fedchange.phtml?year=2015,46634908,ENG,IND,3/10/15
https://ratings.fide.com/fedchange.phtml?year=2015,7500114,ARU,AHO,3/16/15
https://ratings.fide.com/fedchange.phtml?year=2015,1239171,AUT,ROU,1/26/15
https://ratings.fide.com/fedchange.phtml?year=2015,5801605,ENG,SIN,3/23/15
https://ratings.fide.com/fedchange.phtml?year=2015,30908604,ISV,USA,3/19/15
https://ratings.fide.com/fedchange.phtml?year=2015,30908604,USA,ISV,5/26/15
https://ratings.fide.com/fedchange.phtml?year=2015,1238302,SUI,ROU,7/27/15
https://ratings.fide.com/fedchange.phtml?year=2015,24182036,CZE,RUS,3/12/15
https://ratings.fide.com/fedchange.phtml?year=2015,200930,BEL,TUR,9/30/15
https://ratings.fide.com/fedchange.phtml?year=2015,4102878,RUS,USA,10/26/15
https://ratings.fide.com/fedchange.phtml?year=2015,200450,LIE,MNC,3/12/15
https://ratings.fide.com/fedchange.phtml?year=2015,64300293,JPN,ENG,5/14/15
https://ratings.fide.com/fedchange.phtml?year=2015,34137430,LAT,RUS,2/20/15
https://ratings.fide.com/fedchange.phtml?year=2015,5088240,AUS,IND,5/28/15
https://ratings.fide.com/fedchange.phtml?year=2015,26087464,MNC,FRA,2/20/15
https://ratings.fide.com/fedchange.phtml?year=2015,14509962,BIH,CRO,4/27/15
https://ratings.fide.com/fedchange.phtml?year=2015,15002110,GER,MKD,2/4/15
https://ratings.fide.com/fedchange.phtml?year=2015,6002382,KOR,HKG,3/10/15
https://ratings.fide.com/fedchange.phtml?year=2015,12996300,AUT,GER,5/13/15
https://ratings.fide.com/fedchange.phtml?year=2015,2033801,DEN,USA,2/18/15
https://ratings.fide.com/fedchange.phtml?year=2015,30909015,BUL,USA,7/29/15
https://ratings.fide.com/fedchange.phtml?year=2015,3217957,JPN,AUS,2/9/15
https://ratings.fide.com/fedchange.phtml?year=2015,1320939,SRI,SUI,12/14/15
https://ratings.fide.com/fedchange.phtml?year=2015,1320947,SRI,SUI,12/14/15
https://ratings.fide.com/fedchange.phtml?year=2015,24146501,CZE,RUS,8/4/15
https://ratings.fide.com/fedchange.phtml?year=2015,12500100,NOR,IRI,6/24/15
https://ratings.fide.com/fedchange.phtml?year=2015,2811788,BEL,ITA,3/3/15
https://ratings.fide.com/fedchange.phtml?year=2015,4650891,AZE,GER,7/31/15
https://ratings.fide.com/fedchange.phtml?year=2015,14501511,BIH,CRO,5/29/15
https://ratings.fide.com/fedchange.phtml?year=2015,942472,CRO,SRB,2/13/15
https://ratings.fide.com/fedchange.phtml?year=2015,32083483,IRL,ESP,7/28/15
https://ratings.fide.com/fedchange.phtml?year=2015,24537233,IRL,ESP,7/28/15
https://ratings.fide.com/fedchange.phtml?year=2015,24537225,IRL,ESP,7/28/15
https://ratings.fide.com/fedchange.phtml?year=2015,24511951,IRL,ESP,7/28/15
https://ratings.fide.com/fedchange.phtml?year=2015,14126869,RUS,UKR,7/15/15
https://ratings.fide.com/fedchange.phtml?year=2015,14159902,RUS,UKR,7/15/15
https://ratings.fide.com/fedchange.phtml?year=2015,6100538,PAN,NCA,4/2/15
https://ratings.fide.com/fedchange.phtml?year=2015,26091305,MNC,FRA,2/24/15
https://ratings.fide.com/fedchange.phtml?year=2015,1185543,POL,ESP,7/28/15
https://ratings.fide.com/fedchange.phtml?year=2015,45041490,USA,IND,4/3/15
https://ratings.fide.com/fedchange.phtml?year=2015,2604213,FIN,CAN,3/20/15
https://ratings.fide.com/fedchange.phtml?year=2015,2003139,CAM,USA,3/10/15
https://ratings.fide.com/fedchange.phtml?year=2015,8703876,SWE,ZAM,5/13/15
https://ratings.fide.com/fedchange.phtml?year=2015,8703884,SWE,ZAM,5/13/15
https://ratings.fide.com/fedchange.phtml?year=2015,46649557,USA,IND,2/18/15
https://ratings.fide.com/fedchange.phtml?year=2015,810975,SUI,ITA,5/12/15
https://ratings.fide.com/fedchange.phtml?year=2015,616753,WLS,FRA,4/7/15
https://ratings.fide.com/fedchange.phtml?year=2015,4100638,RUS,LAT,11/3/15
https://ratings.fide.com/fedchange.phtml?year=2015,1330799,SUI,GER,6/3/15
https://ratings.fide.com/fedchange.phtml?year=2015,14902052,AUT,SVK,6/10/15
https://ratings.fide.com/fedchange.phtml?year=2015,2402106,ENG,SCO,10/14/15
https://ratings.fide.com/fedchange.phtml?year=2015,414409,WLS,ENG,5/13/15
https://ratings.fide.com/fedchange.phtml?year=2015,4169930,ISR,RUS,5/22/15
https://ratings.fide.com/fedchange.phtml?year=2015,14122286,RUS,UKR,7/15/15
https://ratings.fide.com/fedchange.phtml?year=2015,786519,AUT,HUN,12/9/15
https://ratings.fide.com/fedchange.phtml?year=2015,26093189,GRE,FRA,6/3/15
https://ratings.fide.com/fedchange.phtml?year=2015,410969,KOR,ENG,11/25/15
https://ratings.fide.com/fedchange.phtml?year=2015,1601962,LIE,AUT,2/13/15
https://ratings.fide.com/fedchange.phtml?year=2015,4701631,BIH,ALB,5/8/15
https://ratings.fide.com/fedchange.phtml?year=2015,14116804,USA,UKR,5/1/15
https://ratings.fide.com/fedchange.phtml?year=2016,723886,SUI,MNE,6/9/16
https://ratings.fide.com/fedchange.phtml?year=2016,2260409,AND,ESP,2/29/16
https://ratings.fide.com/fedchange.phtml?year=2016,13708694,RUS,KAZ,8/26/16
https://ratings.fide.com/fedchange.phtml?year=2016,14121913,CZE,UKR,5/12/16
https://ratings.fide.com/fedchange.phtml?year=2016,2090473,HKG,USA,4/5/16
https://ratings.fide.com/fedchange.phtml?year=2016,5727235,USA,MAS,8/22/16
https://ratings.fide.com/fedchange.phtml?year=2016,14507951,SUI,CRO,7/12/16
https://ratings.fide.com/fedchange.phtml?year=2016,605590,MNC,FRA,7/22/16
https://ratings.fide.com/fedchange.phtml?year=2016,4621760,AUT,GER,11/16/16
https://ratings.fide.com/fedchange.phtml?year=2016,1238302,ROU,SUI,12/20/16
https://ratings.fide.com/fedchange.phtml?year=2016,1238221,ROU,SUI,12/20/16
https://ratings.fide.com/fedchange.phtml?year=2016,1238221,SUI,ROU,7/8/16
https://ratings.fide.com/fedchange.phtml?year=2016,9000011,MAR,FRA,9/27/16
https://ratings.fide.com/fedchange.phtml?year=2016,5900727,GRE,CYP,6/6/16
https://ratings.fide.com/fedchange.phtml?year=2016,36018180,MNC,FRA,7/22/16
https://ratings.fide.com/fedchange.phtml?year=2016,36052400,MNC,FRA,7/22/16
https://ratings.fide.com/fedchange.phtml?year=2016,66200458,HKG,AUS,1/18/16
https://ratings.fide.com/fedchange.phtml?year=2016,707708,SRB,HUN,8/23/16
https://ratings.fide.com/fedchange.phtml?year=2016,34166235,SUI,RUS,6/14/16
https://ratings.fide.com/fedchange.phtml?year=2016,6380166,SWE,TUR,12/19/16
https://ratings.fide.com/fedchange.phtml?year=2016,11201410,IND,BRN,10/25/16
https://ratings.fide.com/fedchange.phtml?year=2016,5700051,MYA,MAS,3/2/16
https://ratings.fide.com/fedchange.phtml?year=2016,607193,SWE,FRA,12/19/16
https://ratings.fide.com/fedchange.phtml?year=2016,1114581,CAN,POL,10/5/16
https://ratings.fide.com/fedchange.phtml?year=2016,11100702,GUY,BAR,6/24/16
https://ratings.fide.com/fedchange.phtml?year=2016,14907526,CZE,SVK,3/18/16
https://ratings.fide.com/fedchange.phtml?year=2016,1054465,SWE,NED,12/12/16
https://ratings.fide.com/fedchange.phtml?year=2016,1054414,SWE,NED,12/12/16
https://ratings.fide.com/fedchange.phtml?year=2016,937576,KOS,FRA,10/11/16
https://ratings.fide.com/fedchange.phtml?year=2016,4401859,VEN,COL,6/15/16
https://ratings.fide.com/fedchange.phtml?year=2016,36043958,USA,FRA,6/16/16
https://ratings.fide.com/fedchange.phtml?year=2016,1207210,SUI,ROU,11/17/16
https://ratings.fide.com/fedchange.phtml?year=2016,3401219,ESP,CHI,3/22/16
https://ratings.fide.com/fedchange.phtml?year=2016,36054836,MAD,FRA,10/5/16
https://ratings.fide.com/fedchange.phtml?year=2016,14122510,SRB,UKR,4/27/16
https://ratings.fide.com/fedchange.phtml?year=2016,1325353,JPN,SUI,6/1/16
https://ratings.fide.com/fedchange.phtml?year=2016,1325361,JPN,SUI,6/1/16
https://ratings.fide.com/fedchange.phtml?year=2016,36098671,IND,FRA,7/1/16
https://ratings.fide.com/fedchange.phtml?year=2016,1503260,DEN,NOR,2/9/16
https://ratings.fide.com/fedchange.phtml?year=2016,3203824,TPE,AUS,5/13/16
https://ratings.fide.com/fedchange.phtml?year=2016,24613959,SEY,GER,1/12/16
https://ratings.fide.com/fedchange.phtml?year=2016,1433512,TUR,DEN,1/12/16
https://ratings.fide.com/fedchange.phtml?year=2016,25851187,RUS,GRE,7/12/16
https://ratings.fide.com/fedchange.phtml?year=2016,34171999,ENG,RUS,9/26/16
https://ratings.fide.com/fedchange.phtml?year=2016,1021516,CZE,NED,12/8/16
https://ratings.fide.com/fedchange.phtml?year=2016,786527,AUT,HUN,2/25/16
https://ratings.fide.com/fedchange.phtml?year=2016,25007408,NZL,IND,2/20/16
https://ratings.fide.com/fedchange.phtml?year=2016,1118080,CZE,POL,3/31/16
https://ratings.fide.com/fedchange.phtml?year=2017,1401815,SCO,DEN,3/30/17
https://ratings.fide.com/fedchange.phtml?year=2017,5301882,CAN,LBN,3/13/17
https://ratings.fide.com/fedchange.phtml?year=2017,7603053,FIN,SYR,3/6/17
https://ratings.fide.com/fedchange.phtml?year=2017,7601433,FIN,SYR,3/6/17
https://ratings.fide.com/fedchange.phtml?year=2017,4170539,TUR,RUS,3/28/17
https://ratings.fide.com/fedchange.phtml?year=2017,14307405,NZL,RSA,3/7/17
https://ratings.fide.com/fedchange.phtml?year=2017,2216477,SWE,EST,1/9/17
https://ratings.fide.com/fedchange.phtml?year=2017,14104580,RUS,UKR,3/24/17
https://ratings.fide.com/fedchange.phtml?year=2017,14129418,RUS,UKR,4/11/17
https://ratings.fide.com/fedchange.phtml?year=2017,1200372,ROU,FRA,2/6/17
https://ratings.fide.com/fedchange.phtml?year=2017,13603817,AUT,GEO,1/13/17
https://ratings.fide.com/fedchange.phtml?year=2017,3511723,ESP,FID,2/8/17
https://ratings.fide.com/fedchange.phtml?year=2017,2201224,ESP,AND,2/8/17
https://ratings.fide.com/fedchange.phtml?year=2017,921130,BIH,SRB,2/13/17
https://ratings.fide.com/fedchange.phtml?year=2017,12501255,USA,FID,2/2/17
https://ratings.fide.com/fedchange.phtml?year=2017,4413369,PAN,COL,1/9/17
https://ratings.fide.com/fedchange.phtml?year=2017,46662464,USA,IND,2/14/17
https://ratings.fide.com/fedchange.phtml?year=2017,13501151,BLR,AUS,3/24/17
https://ratings.fide.com/fedchange.phtml?year=2017,1628313,GER,AUT,1/9/17
https://ratings.fide.com/fedchange.phtml?year=2017,5200393,SGP,PHI,1/11/17
https://ratings.fide.com/fedchange.phtml?year=2017,2002515,POL,USA,1/9/17
https://ratings.fide.com/fedchange.phtml?year=2017,407747,SCO,ENG,1/12/17
https://ratings.fide.com/fedchange.phtml?year=2017,13900820,GER,FID,3/29/17
https://ratings.fide.com/fedchange.phtml?year=2017,1401815,SCO,DEN,3/30/17
https://ratings.fide.com/fedchange.phtml?year=2017,5301882,CAN,LBN,3/13/17
https://ratings.fide.com/fedchange.phtml?year=2017,7603053,FIN,SYR,3/6/17
https://ratings.fide.com/fedchange.phtml?year=2017,7601433,FIN,SYR,3/6/17
https://ratings.fide.com/fedchange.phtml?year=2017,4170539,TUR,RUS,3/28/17
https://ratings.fide.com/fedchange.phtml?year=2017,14307405,NZL,RSA,3/7/17
https://ratings.fide.com/fedchange.phtml?year=2017,2216477,SWE,EST,1/9/17
https://ratings.fide.com/fedchange.phtml?year=2017,14104580,RUS,UKR,3/24/17
https://ratings.fide.com/fedchange.phtml?year=2017,14129418,RUS,UKR,4/11/17
https://ratings.fide.com/fedchange.phtml?year=2017,1200372,ROU,FRA,2/6/17
https://ratings.fide.com/fedchange.phtml?year=2017,13603817,AUT,GEO,1/13/17
https://ratings.fide.com/fedchange.phtml?year=2017,3511723,ESP,FID,2/8/17
https://ratings.fide.com/fedchange.phtml?year=2017,2201224,ESP,AND,2/8/17
https://ratings.fide.com/fedchange.phtml?year=2017,921130,BIH,SRB,2/13/17
https://ratings.fide.com/fedchange.phtml?year=2017,12501255,USA,FID,2/2/17
https://ratings.fide.com/fedchange.phtml?year=2017,4413369,PAN,COL,1/9/17
https://ratings.fide.com/fedchange.phtml?year=2017,46662464,USA,IND,2/14/17
https://ratings.fide.com/fedchange.phtml?year=2017,13501151,BLR,AUS,3/24/17
https://ratings.fide.com/fedchange.phtml?year=2017,1628313,GER,AUT,1/9/17
https://ratings.fide.com/fedchange.phtml?year=2017,5200393,SGP,PHI,1/11/17
https://ratings.fide.com/fedchange.phtml?year=2017,2002515,POL,USA,1/9/17
https://ratings.fide.com/fedchange.phtml?year=2017,407747,SCO,ENG,1/12/17
https://ratings.fide.com/fedchange.phtml?year=2017,13900820,GER,FID,3/29/17