dataset_url,article_url
https://github.com/fivethirtyeight/data/tree/master/congress-demographics,https://fivethirtyeight.com/features/aging-congress-boomers/
https://github.com/fivethirtyeight/data/tree/master/world-cup-2022,https://projects.fivethirtyeight.com/2022-world-cup-predictions/
https://github.com/fivethirtyeight/data/tree/master/district-urbanization-index-2022,https://fivethirtyeight.com/features/the-republican-path-to-a-house-majority-goes-through-the-suburbs/
https://github.com/fivethirtyeight/data/tree/master/primary-project-2022, https://fivethirtyeight.com/features/trumps-endorsees-have-started-losing-more-but-dont-read-into-that-for-2024/
https://github.com/fivethirtyeight/data/tree/master/primary-project-2022, https://fivethirtyeight.com/features/2022-candidates-race-data/
https://github.com/fivethirtyeight/data/tree/master/primary-project-2022, https://fivethirtyeight.com/features/progressives-democrats-2022/
https://github.com/fivethirtyeight/data/tree/master/primary-project-2022, https://fivethirtyeight.com/features/2022-women-candidates-data/
https://github.com/fivethirtyeight/data/tree/master/election-deniers, https://projects.fivethirtyeight.com/republicans-trump-election-fraud/
https://github.com/fivethirtyeight/data/tree/master/redistricting-alternate-maps, https://projects.fivethirtyeight.com/redistricting-alternate-maps/
https://github.com/fivethirtyeight/data/tree/master/election-forecasts-2022,https://projects.fivethirtyeight.com/2022-election-forecast/
https://github.com/fivethirtyeight/data/tree/master/redistricting-2022-state-legislatures, https://fivethirtyeight.com/features/how-redistricting-affects-the-battle-for-state-legislatures/
https://github.com/fivethirtyeight/data/tree/master/redlining, https://projects.fivethirtyeight.com/redlining/
https://github.com/fivethirtyeight/data/tree/master/the-big-lies-long-shadow, https://fivethirtyeight.com/features/the-big-lie-voting-laws/
https://github.com/fivethirtyeight/data/tree/master/nhl-forecasts,https://projects.fivethirtyeight.com/2023-nhl-predictions/
https://github.com/fivethirtyeight/election-results,https://projects.fivethirtyeight.com/2020-election-forecast/
https://github.com/fivethirtyeight/data/tree/master/wnba-forecasts,https://projects.fivethirtyeight.com/2022-wnba-predictions/
https://github.com/fivethirtyeight/negro-leagues-player-ratings,https://projects.fivethirtyeight.com/negro-leagues-mlb/
https://github.com/fivethirtyeight/police-settlements,https://fivethirtyeight.com/features/police-misconduct-costs-cities-millions-every-year-but-thats-where-the-accountability-ends/
https://github.com/fivethirtyeight/superbowl-ads,https://projects.fivethirtyeight.com/super-bowl-ads/
https://github.com/fivethirtyeight/data/tree/master/sports-political-donations,https://fivethirtyeight.com/features/inside-the-political-donation-history-of-wealthy-sports-owners/
https://github.com/fivethirtyeight/data/tree/master/non-voters,https://projects.fivethirtyeight.com/non-voters-poll-2020-election/
https://github.com/fivethirtyeight/data/tree/master/election-forecasts-2020,https://projects.fivethirtyeight.com/2020-election-forecast/
https://github.com/fivethirtyeight/data/tree/master/voter-registration,https://fivethirtyeight.com/features/voter-registrations-are-way-way-down-during-the-pandemic
https://github.com/fivethirtyeight/WNBA-stats,https://fivethirtyeight.com/features/its-time-to-give-basketballs-other-goat-her-due/
https://github.com/fivethirtyeight/data/tree/master/covid-geography,https://fivethirtyeight.com/features/how-one-high-risk-community-in-rural-south-carolina-is-bracing-for-covid-19/
https://github.com/fivethirtyeight/data/tree/master/urbanization-index,https://fivethirtyeight.com/features/how-urban-or-rural-is-your-state-and-what-does-that-mean-for-the-2020-election/
https://github.com/fivethirtyeight/covid-19-polls,https://projects.fivethirtyeight.com/coronavirus-polls/
https://github.com/fivethirtyeight/nba-player-advanced-metrics,https://fivethirtyeight.com/features/luka-doncic-and-the-mavs-are-pushing-the-limits-of-offensive-efficiency/
https://github.com/fivethirtyeight/data/tree/master/presidential-candidate-favorables-2019,https://fivethirtyeight.com/features/the-democratic-presidential-candidates-are-becoming-less-popular/
https://github.com/fivethirtyeight/data/tree/master/nba-raptor,https://projects.fivethirtyeight.com/nba-player-ratings/
https://github.com/fivethirtyeight/data/tree/master/nba-raptor,https://fivethirtyeight.com/features/how-our-raptor-metric-works/
https://github.com/fivethirtyeight/data/tree/master/nba-raptor,https://fivethirtyeight.com/features/introducing-raptor-our-new-metric-for-the-modern-nba/
https://github.com/fivethirtyeight/data/tree/master/impeachment-polls,https://projects.fivethirtyeight.com/impeachment-polls/
https://github.com/fivethirtyeight/data/tree/master/media-mentions-2020,https://fivethirtyeight.com/features/the-media-frenzy-around-biden-is-fading/
https://github.com/fivethirtyeight/data/tree/master/fight-songs,https://projects.fivethirtyeight.com/college-fight-song-lyrics/
https://github.com/fivethirtyeight/data/tree/master/foul-balls,https://fivethirtyeight.com/features/we-watched-906-foul-balls-to-find-out-where-the-most-dangerous-ones-land/
https://github.com/fivethirtyeight/candidate-emails,https://fivethirtyeight.com/features/which-democrats-are-campaigning-on-trump/
https://github.com/fivethirtyeight/data/tree/master/nba-draymond,https://fivethirtyeight.com/features/a-better-way-to-evaluate-nba-defense/
https://github.com/fivethirtyeight/data/tree/master/state-of-the-state,https://fivethirtyeight.com/features/what-americas-governors-are-talking-about/
https://github.com/fivethirtyeight/twitter-overlap,https://fivethirtyeight.com/features/which-2020-candidates-have-the-most-in-common-on-twitter/
https://github.com/fivethirtyeight/data/tree/master/womens-world-cup-2019,https://projects.fivethirtyeight.com/2019-womens-world-cup-predictions/
https://github.com/fivethirtyeight/data/tree/master/riddler-castles,https://fivethirtyeight.com/features/are-you-the-best-warlord/
https://github.com/fivethirtyeight/data/tree/master/riddler-castles,https://fivethirtyeight.com/features/a-peaceful-but-not-peaceful-transition-of-power-in-riddler-nation/
https://github.com/fivethirtyeight/data/tree/master/trump-lawsuits,https://fivethirtyeight.com/features/will-trumps-latest-lawsuits-keep-congress-from-investigating-future-presidents/
https://github.com/fivethirtyeight/data/tree/master/mueller-polls,https://fivethirtyeight.com/features/both-parties-think-the-mueller-report-was-fair-they-just-disagree-on-what-it-says/
https://github.com/fivethirtyeight/checking-our-work-data,https://projects.fivethirtyeight.com/checking-our-work/
https://github.com/fivethirtyeight/data/tree/master/russia-investigation,https://projects.fivethirtyeight.com/russia-investigation/
https://github.com/fivethirtyeight/data/tree/master/ncaa-womens-basketball-tournament,https://fivethirtyeight.com/features/louisiana-tech-was-the-uconn-of-the-80s/
https://github.com/fivethirtyeight/data/tree/master/endorsements,https://projects.fivethirtyeight.com/2020-endorsements/democratic-primary/
https://github.com/fivethirtyeight/data/tree/master/polls,https://projects.fivethirtyeight.com/polls/
https://github.com/fivethirtyeight/data/tree/master/cabinet-turnover,https://fivethirtyeight.com/features/two-years-in-turnover-in-trumps-cabinet-is-still-historically-high/
https://github.com/fivethirtyeight/data/tree/master/forecast-review,https://fivethirtyeight.com/features/how-fivethirtyeights-2018-midterm-forecasts-did/
https://github.com/fivethirtyeight/data/tree/master/partisan-lean,https://projects.fivethirtyeight.com/2018-midterm-election-forecast/house/
https://github.com/fivethirtyeight/data/tree/master/partisan-lean,https://projects.fivethirtyeight.com/2018-midterm-election-forecast/senate/
https://github.com/fivethirtyeight/data/tree/master/partisan-lean,https://projects.fivethirtyeight.com/2018-midterm-election-forecast/governor/
https://github.com/fivethirtyeight/actblue-analysis,https://fivethirtyeight.com/features/how-actblue-is-trying-to-turn-small-donations-into-a-blue-wave
https://github.com/fivethirtyeight/data/tree/master/trump-lawsuits,https://fivethirtyeight.com/features/will-the-supreme-court-fast-track-cases-involving-trump/
https://github.com/fivethirtyeight/data/tree/master/trump-lawsuits,https://fivethirtyeight.com/features/what-trumps-legal-battles-tell-us-about-presidential-power/
https://github.com/fivethirtyeight/data/tree/master/trump-lawsuits,https://fivethirtyeight.com/features/why-it-might-be-impossible-to-overturn-a-presidential-pardon/
https://github.com/fivethirtyeight/data/tree/master/trump-lawsuits,https://fivethirtyeight.com/features/why-one-of-trumps-biggest-legal-threats-is-new-yorks-attorney-general/
https://github.com/fivethirtyeight/data/tree/master/trump-lawsuits,https://fivethirtyeight.com/features/should-judges-pay-attention-to-trumps-tweets/
https://github.com/fivethirtyeight/data/tree/master/trump-lawsuits,https://fivethirtyeight.com/features/trump-is-losing-the-legal-fight-against-sanctuary-cities-but-it-may-still-pay-off-politically/
https://github.com/fivethirtyeight/data/tree/master/house-forecast-2018,https://projects.fivethirtyeight.com/2018-midterm-election-forecast/house/
https://github.com/fivethirtyeight/data/tree/master/senate-forecast-2018,https://projects.fivethirtyeight.com/2018-midterm-election-forecast/senate/
https://github.com/fivethirtyeight/data/tree/master/governors-forecast-2018,https://projects.fivethirtyeight.com/2018-midterm-election-forecast/governor/
https://github.com/fivethirtyeight/data/tree/master/primary-candidates-2018,https://fivethirtyeight.com/features/we-looked-at-hundreds-of-endorsements-heres-who-republicans-are-listening-to/
https://github.com/fivethirtyeight/data/tree/master/political-elasticity-scores,https://fivethirtyeight.com/features/election-update-the-house-districts-that-swing-the-most-and-least-with-the-national-mood/
https://github.com/fivethirtyeight/data/tree/master/august-senate-polls,https://fivethirtyeight.com/features/how-much-trouble-is-ted-cruz-really-in/
https://github.com/fivethirtyeight/data/tree/master/primary-candidates-2018,https://fivethirtyeight.com/features/the-establishment-is-beating-the-progressive-wing-in-democratic-primaries-so-far/
https://github.com/fivethirtyeight/data/tree/master/primary-candidates-2018,https://fivethirtyeight.com/features/democrats-primaries-candidates-demographics/
https://github.com/fivethirtyeight/russian-troll-tweets,https://fivethirtyeight.com/features/why-were-sharing-3-million-russian-troll-tweets/
https://github.com/fivethirtyeight/data/tree/master/lebron,https://fivethirtyeight.com/features/the-lebron-james-decision-making-machine/
https://github.com/fivethirtyeight/data/tree/master/world-cup-comparisons,https://projects.fivethirtyeight.com/world-cup-comparisons/
https://github.com/fivethirtyeight/data/tree/master/masculinity-survey,https://fivethirtyeight.com/features/what-do-men-think-it-means-to-be-a-man/
https://github.com/fivethirtyeight/data/tree/master/world-cup-2018,https://projects.fivethirtyeight.com/2018-world-cup-predictions/
https://github.com/fivethirtyeight/data/tree/master/special-elections,https://fivethirtyeight.com/features/be-skeptical-of-anyone-who-tells-you-they-know-how-democrats-can-win-in-november/
https://github.com/fivethirtyeight/data/tree/master/congress-trump-score,https://projects.fivethirtyeight.com/congress-trump-score/
https://github.com/fivethirtyeight/data/tree/master/reluctant-trump,https://fivethirtyeight.com/features/reluctant-trump-voters-swung-the-election-heres-how-they-think-hes-doing/
https://github.com/fivethirtyeight/data/tree/master/reluctant-trump,https://fivethirtyeight.com/features/the-economy-is-keeping-reluctant-trump-voters-with-him/
https://github.com/fivethirtyeight/data/tree/master/march-madness-predictions-2018,https://projects.fivethirtyeight.com/2018-march-madness-predictions/
https://github.com/fivethirtyeight/data/tree/master/poll-quiz-guns,https://projects.fivethirtyeight.com/guns-parkland-polling-quiz/
https://github.com/fivethirtyeight/data/tree/master/rare-pepes,https://fivethirtyeight.com/features/pepe-the-frog-symbolism-cryptoart-blockchain/
https://github.com/fivethirtyeight/data/tree/master/congress-resignations,https://fivethirtyeight.com/features/more-people-are-resigning-from-congress-than-at-any-time-in-recent-history/
https://github.com/fivethirtyeight/redistricting-atlas-data,https://projects.fivethirtyeight.com/redistricting-maps/
https://github.com/fivethirtyeight/data/tree/master/next-bechdel,https://projects.fivethirtyeight.com/next-bechdel/
https://github.com/fivethirtyeight/data/tree/master/candy-power-ranking,http://fivethirtyeight.com/features/the-ultimate-halloween-candy-power-ranking/
https://github.com/fivethirtyeight/data/tree/master/nfl-elo,https://projects.fivethirtyeight.com/2022-nfl-predictions/
https://github.com/fivethirtyeight/data/tree/master/mlb-elo,https://projects.fivethirtyeight.com/2023-mlb-predictions/
https://github.com/fivethirtyeight/data/tree/master/nba-forecasts,https://projects.fivethirtyeight.com/2023-nba-predictions/
https://github.com/fivethirtyeight/data/tree/master/soccer-spi,https://projects.fivethirtyeight.com/soccer-predictions/
https://github.com/fivethirtyeight/data/tree/master/twitter-ratio,https://fivethirtyeight.com/features/the-worst-tweeter-in-politics-isnt-trump/
https://github.com/fivethirtyeight/data/tree/master/puerto-rico-media,https://fivethirtyeight.com/features/the-media-really-started-paying-attention-to-puerto-rico-when-trump-did/
https://github.com/fivethirtyeight/data/tree/master/nfl-fandom,https://fivethirtyeight.com/features/how-every-nfl-teams-fans-lean-politically/
https://github.com/fivethirtyeight/data/tree/master/puerto-rico-media,https://fivethirtyeight.com/features/the-media-really-has-neglected-puerto-rico/
https://github.com/fivethirtyeight/data/tree/master/sandy-311-calls,https://projects.fivethirtyeight.com/sandy-311/
https://github.com/fivethirtyeight/data/tree/master/congress-generic-ballot,https://projects.fivethirtyeight.com/congress-generic-ballot-polls/
https://github.com/fivethirtyeight/data/tree/master/trump-approval-ratings,https://projects.fivethirtyeight.com/trump-approval-ratings/
https://github.com/fivethirtyeight/data/tree/master/trump-world-trust,https://fivethirtyeight.com/features/what-the-world-thinks-of-trump/
https://github.com/fivethirtyeight/nfl-elo-game,https://projects.fivethirtyeight.com/2021-nfl-forecasting-game/
https://github.com/fivethirtyeight/data/tree/master/goose,https://fivethirtyeight.com/features/kenley-jansen-is-the-model-of-a-modern-reliever/
https://github.com/fivethirtyeight/data/tree/master/inconvenient-sequel,https://fivethirtyeight.com/features/al-gores-new-movie-exposes-the-big-flaw-in-online-movie-ratings/
https://github.com/fivethirtyeight/data/tree/master/mayweather-mcgregor,https://fivethirtyeight.com/features/the-mayweather-mcgregor-fight-as-told-through-emojis/
https://github.com/fivethirtyeight/data/tree/master/reluctant-trump,https://fivethirtyeight.com/features/trumps-reluctant-voters-are-getting-more-reluctant/
https://github.com/fivethirtyeight/data/tree/master/undefeated-boxers,https://fivethirtyeight.com/features/mayweather-is-defined-by-the-zero-next-to-his-name/
https://github.com/fivethirtyeight/data/tree/master/chess-transfers,https://fivethirtyeight.com/features/american-chess-is-great-again/
https://github.com/fivethirtyeight/data/tree/master/bachelorette,https://fivethirtyeight.com/features/rachels-season-is-fitting-neatly-into-bachelorette-history/
https://github.com/fivethirtyeight/data/tree/master/ahca-polls,https://fivethirtyeight.com/features/why-the-gop-is-so-hell-bent-on-passing-an-unpopular-health-care-bill/
https://github.com/fivethirtyeight/data/tree/master/reluctant-trump,https://fivethirtyeight.com/features/how-trumps-least-enthusiastic-voters-feel-about-him-now/
https://github.com/fivethirtyeight/data/tree/master/riddler-castles,http://fivethirtyeight.com/features/the-battle-for-riddler-nation-round-2/
https://github.com/fivethirtyeight/data/tree/master/goose,https://fivethirtyeight.com/features/goose-egg-new-save-stat-relief-pitchers/
https://github.com/fivethirtyeight/data/tree/master/tenth-circuit,https://fivethirtyeight.com/features/for-a-trump-nominee-neil-gorsuchs-record-is-surprisingly-moderate-on-immigration/
https://github.com/fivethirtyeight/data/tree/master/subreddit-algebra,https://fivethirtyeight.com/features/dissecting-trumps-most-rabid-online-following/
https://github.com/fivethirtyeight/data/tree/master/riddler-castles,https://fivethirtyeight.com/features/can-you-rule-riddler-nation/
https://github.com/fivethirtyeight/data/tree/master/hate-crimes,https://fivethirtyeight.com/features/higher-rates-of-hate-crimes-are-tied-to-income-inequality/
https://github.com/fivethirtyeight/data/tree/master/obama-commutations,https://fivethirtyeight.com/features/obama-granted-clemency-unlike-any-other-president-in-history/
https://github.com/fivethirtyeight/data/tree/master/presidential-campaign-trail,http://fivethirtyeight.com/features/the-last-10-weeks-of-2016-campaign-stops-in-one-handy-gif/
https://github.com/fivethirtyeight/data/tree/master/murder_2016,http://fivethirtyeight.com/features/a-handful-of-cities-are-driving-2016s-rise-in-murders/
https://github.com/fivethirtyeight/data/tree/master/religion-survey,http://fivethirtyeight.com/features/when-does-praying-in-public-make-others-uncomfortable/
https://github.com/fivethirtyeight/data/tree/master/nfl-favorite-team,http://fivethirtyeight.com/features/the-rams-are-dead-to-me-so-i-answered-3352-questions-to-find-a-new-team/
https://github.com/fivethirtyeight/data/tree/master/hip-hop-candidate-lyrics,https://projects.fivethirtyeight.com/clinton-trump-hip-hop-lyrics/
https://github.com/fivethirtyeight/data/tree/master/pollster-ratings,https://fivethirtyeight.com/features/weve-updated-our-pollster-ratings-ahead-of-the-2020-general-election/
https://github.com/fivethirtyeight/data/tree/master/pollster-ratings,http://projects.fivethirtyeight.com/pollster-ratings/
https://github.com/fivethirtyeight/data/tree/master/pollster-ratings,https://fivethirtyeight.com/features/the-state-of-the-polls-2016/
https://github.com/fivethirtyeight/data/tree/master/pollster-ratings,https://fivethirtyeight.com/features/the-polls-are-all-right/
https://github.com/fivethirtyeight/data/tree/master/pollster-ratings,https://fivethirtyeight.com/features/the-state-of-the-polls-2019/
https://github.com/fivethirtyeight/data/tree/master/births,http://fivethirtyeight.com/features/some-people-are-too-superstitious-to-have-a-baby-on-friday-the-13th/
https://github.com/fivethirtyeight/data/tree/master/presidential-commencement-speeches,http://fivethirtyeight.com/features/sitting-presidents-give-way-more-commencement-speeches-than-they-used-to/
https://github.com/fivethirtyeight/data/tree/master/trump-news,http://fivethirtyeight.com/features/how-donald-trump-hacked-the-media/
https://github.com/fivethirtyeight/data/tree/master/repeated-phrases-gop,http://fivethirtyeight.com/features/these-are-the-phrases-each-gop-candidate-repeats-most
https://github.com/fivethirtyeight/data/tree/master/poll-of-pollsters,http://fivethirtyeight.com/features/iowa-teaches-pollsters-to-poll-until-the-end/
https://github.com/fivethirtyeight/data/tree/master/nutrition-studies,http://fivethirtyeight.com/features/you-cant-trust-what-you-read-about-nutrition
https://github.com/fivethirtyeight/data/tree/master/poll-of-pollsters,http://fivethirtyeight.com/features/most-pollsters-say-their-reputations-have-worsened/
https://github.com/fivethirtyeight/data/tree/master/tarantino,http://fivethirtyeight.com/features/complete-catalog-curses-deaths-quentin-tarantino-films
https://github.com/fivethirtyeight/data/tree/master/thanksgiving-2015,http://fivethirtyeight.com/features/heres-what-your-part-of-america-eats-on-thanksgiving
https://github.com/fivethirtyeight/data/tree/master/terrorism,http://fivethirtyeight.com/features/the-rise-of-religiously-inspired-terrorism-in-france/
https://github.com/fivethirtyeight/data/tree/master/study-drugs,http://fivethirtyeight.com/features/college-students-arent-the-only-ones-abusing-adderall
https://github.com/fivethirtyeight/data/tree/master/fandango,http://fivethirtyeight.com/features/fandango-movies-ratings/
https://github.com/fivethirtyeight/data/tree/master/biopics,http://fivethirtyeight.com/features/straight-outta-compton-is-the-rare-biopic-not-about-white-dudes
https://github.com/fivethirtyeight/data/tree/master/daily-show-guests,http://fivethirtyeight.com/features/every-guest-jon-stewart-ever-had-on-the-daily-show/
https://github.com/fivethirtyeight/data/tree/master/buster-posey-mvp,http://fivethirtyeight.com/features/buster-poseys-pitch-framing-makes-him-a-potential-mvp/
https://github.com/fivethirtyeight/data/tree/master/us-weather-history,http://fivethirtyeight.com/features/what-12-months-of-record-setting-temperatures-looks-like-across-the-u-s/
https://github.com/fivethirtyeight/data/tree/master/nba-draft-2015,http://fivethirtyeight.com/features/projecting-the-top-50-players-in-the-2015-nba-draft-class/
https://github.com/fivethirtyeight/data/tree/master/unisex-names,http://fivethirtyeight.com/features/there-are-922-unisex-names-in-america-is-yours-one-of-them
https://github.com/fivethirtyeight/data/tree/master/elo-blatter,http://fivethirtyeight.com/features/blatters-reign-at-fifa-hasnt-helped-soccers-poor/
https://github.com/fivethirtyeight/data/tree/master/tennis-time,http://fivethirtyeight.com/features/why-some-tennis-matches-take-forever/
https://github.com/fivethirtyeight/data/tree/master/police-killings,http://fivethirtyeight.com/features/where-police-have-killed-americans-in-2015
https://github.com/fivethirtyeight/data/tree/master/womens-world-cup-predictions,https://projects.fivethirtyeight.com/womens-world-cup/
https://github.com/fivethirtyeight/data/tree/master/womens-world-cup-predictions,https://fivethirtyeight.com/features/how-our-womens-world-cup-model-works/
https://github.com/fivethirtyeight/data/tree/master/san-andreas,http://fivethirtyeight.com/features/the-rock-isnt-alone-lots-of-people-are-worried-about-the-big-one
https://github.com/fivethirtyeight/data/tree/master/fifa,http://fivethirtyeight.com/features/how-to-break-fifa/
https://github.com/fivethirtyeight/data/tree/master/nba-elo,https://projects.fivethirtyeight.com/complete-history-of-the-nba/
https://github.com/fivethirtyeight/data/tree/master/pew-religions,http://fivethirtyeight.com/features/evangelical-protestants-are-the-biggest-winners-when-people-change-faiths/
https://github.com/fivethirtyeight/data/tree/master/mad-men,http://fivethirtyeight.com/features/mad-men-is-ending-whats-next-for-the-cast/
https://github.com/fivethirtyeight/data/tree/master/avengers,http://fivethirtyeight.com/features/avengers-death-comics-age-of-ultron
https://github.com/fivethirtyeight/data/tree/master/drug-use-by-age,http://fivethirtyeight.com/features/how-baby-boomers-get-high/
https://github.com/fivethirtyeight/data/tree/master/weather-check,http://fivethirtyeight.com/features/weather-forecast-news-app-habits/
https://github.com/fivethirtyeight/data/tree/master/march-madness-predictions-2015,http://fivethirtyeight.com/interactives/march-madness-predictions-2015/#mens
https://github.com/fivethirtyeight/data/tree/master/nba-winprobs,https://fivethirtyeight.com/features/every-nba-teams-chance-of-winning-in-every-minute-across-every-game/
https://github.com/fivethirtyeight/data/tree/master/potential-candidates,http://fivethirtyeight.com/features/romney-not-running-for-president
https://github.com/fivethirtyeight/data/tree/master/potential-candidates,http://fivethirtyeight.com/features/2016-president-who-is-going-to-run
https://github.com/fivethirtyeight/data/tree/master/nfl-ticket-prices,http://fivethirtyeight.com/features/who-goes-to-meaningless-nfl-games-and-why/
https://github.com/fivethirtyeight/data/tree/master/most-common-name,http://fivethirtyeight.com/features/whats-the-most-common-name-in-america/
https://github.com/fivethirtyeight/data/tree/master/poll-of-pollsters,http://fivethirtyeight.com/features/most-pollsters-we-surveyed-say-polling-did-well-this-year/
https://github.com/fivethirtyeight/data/tree/master/poll-of-pollsters,http://fivethirtyeight.com/features/even-pollsters-dont-know-all-the-details-of-how-their-polls-are-made/
https://github.com/fivethirtyeight/data/tree/master/poll-of-pollsters,http://fivethirtyeight.com/features/pollsters-say-they-follow-ethical-standards-but-they-arent-so-sure-about-their-peers/
https://github.com/fivethirtyeight/data/tree/master/comic-characters,http://fivethirtyeight.com/features/women-in-comic-books/
https://github.com/fivethirtyeight/data/tree/master/poll-of-pollsters,http://fivethirtyeight.com/features/pollsters-predict-greater-polling-error-in-midterm-elections/
https://github.com/fivethirtyeight/data/tree/master/male-flight-attendants,http://fivethirtyeight.com/features/dear-mona-how-many-flight-attendants-are-men/
https://github.com/fivethirtyeight/data/tree/master/marriage,http://fivethirtyeight.com/features/marriage-isnt-dead-yet/
https://github.com/fivethirtyeight/data/tree/master/pollster-ratings,http://fivethirtyeight.com/features/how-fivethirtyeight-calculates-pollster-ratings
https://github.com/fivethirtyeight/data/tree/master/forecast-methodology,http://fivethirtyeight.com/features/how-the-fivethirtyeight-senate-forecast-model-works/
https://github.com/fivethirtyeight/data/tree/master/college-majors,http://fivethirtyeight.com/features/the-economic-guide-to-picking-a-college-major/
https://github.com/fivethirtyeight/data/tree/master/nfl-suspensions,http://fivethirtyeight.com/features/nfl-domestic-violence-policy-suspensions/
https://github.com/fivethirtyeight/data/tree/master/flying-etiquette-survey,http://fivethirtyeight.com/features/airplane-etiquette-recline-seat/
https://github.com/fivethirtyeight/data/tree/master/police-locals,http://fivethirtyeight.com/features/most-police-dont-live-in-the-cities-they-serve/
https://github.com/fivethirtyeight/data/tree/master/alcohol-consumption,http://fivethirtyeight.com/features/dear-mona-followup-where-do-people-drink-the-most-beer-wine-and-spirits/
https://github.com/fivethirtyeight/data/tree/master/nfl-wide-receivers,http://fivethirtyeight.com/features/the-football-hall-of-fame-has-a-receiver-problem/
https://github.com/fivethirtyeight/data/tree/master/sleeping-alone-data,http://fivethirtyeight.com/features/dear-mona-how-many-couples-sleep-in-separate-beds/
https://github.com/fivethirtyeight/data/tree/master/star-wars-survey,http://fivethirtyeight.com/features/americas-favorite-star-wars-movies-and-least-favorite-characters/
https://github.com/fivethirtyeight/data/tree/master/airline-safety,http://fivethirtyeight.com/features/should-travelers-avoid-flying-airlines-that-have-had-crashes-in-the-past/
https://github.com/fivethirtyeight/data/tree/master/food-world-cup,http://fivethirtyeight.com/features/the-fivethirtyeight-international-food-associations-2014-world-cup/
https://github.com/fivethirtyeight/data/tree/master/comma-survey-data,http://fivethirtyeight.com/features/elitist-superfluous-or-popular-we-polled-americans-on-the-oxford-comma/
https://github.com/fivethirtyeight/data/tree/master/world-cup-predictions,http://fivethirtyeight.com/interactives/world-cup/
https://github.com/fivethirtyeight/data/tree/master/nba-tattoos,http://fivethirtyeight.com/features/what-ethan-swan-learned-from-tracking-every-tattoo-in-the-nba/
https://github.com/fivethirtyeight/data/tree/master/infrastructure-jobs,http://fivethirtyeight.com/features/using-infrastructure-jobs-as-a-measuring-stick-for-state-level-spending/
https://github.com/fivethirtyeight/data/tree/master/region-survey,https://fivethirtyeight.com/features/which-states-are-in-the-south/
https://github.com/fivethirtyeight/data/tree/master/region-survey,http://fivethirtyeight.com/features/what-states-are-in-the-midwest/
https://github.com/fivethirtyeight/data/tree/master/region-survey,http://fivethirtyeight.com/features/weve-published-our-data-on-the-south-and-midwest/
https://github.com/fivethirtyeight/data/tree/master/congress-age,http://fivethirtyeight.com/features/both-republicans-and-democrats-have-an-age-problem/
https://github.com/fivethirtyeight/data/tree/master/early-senate-polls,http://fivethirtyeight.com/features/early-senate-polls-have-plenty-to-tell-us-about-november/
https://github.com/fivethirtyeight/data/tree/master/pulitzer,http://fivethirtyeight.com/features/do-pulitzers-help-newspapers-keep-readers
https://github.com/fivethirtyeight/data/tree/master/bob-ross,http://fivethirtyeight.com/features/a-statistical-analysis-of-the-work-of-bob-ross
https://github.com/fivethirtyeight/data/tree/master/librarians,http://fivethirtyeight.com/features/where-are-americas-librarians
https://github.com/fivethirtyeight/data/tree/master/bechdel,http://fivethirtyeight.com/features/the-dollar-and-cents-case-against-hollywoods-exclusion-of-women
https://github.com/fivethirtyeight/data/tree/master/historical-ncaa-forecasts,http://fivethirtyeight.com/features/the-ncaa-bracket-checking-our-work
https://github.com/fivethirtyeight/data/tree/master/march-madness-predictions,https://fivethirtyeight.com/interactives/march-madness-predictions/
https://github.com/fivethirtyeight/data/tree/master/science-giving,https://fivethirtyeight.com/features/when-scientists-donate-to-politicians-its-usually-to-democrats/
https://github.com/fivethirtyeight/data/tree/master/scrabble-games,https://fivethirtyeight.com/features/how-qi-and-za-changed-scrabble/
https://github.com/fivethirtyeight/data/tree/master/antiquities-act,https://fivethirtyeight.com/features/trump-might-be-the-first-president-to-scrap-a-national-monument/
https://github.com/fivethirtyeight/uber-tlc-foil-response,https://fivethirtyeight.com/features/uber-is-serving-new-yorks-outer-boroughs-more-than-taxis-are/
https://github.com/fivethirtyeight/uber-tlc-foil-response,https://fivethirtyeight.com/features/public-transit-should-be-ubers-new-best-friend/
https://github.com/fivethirtyeight/uber-tlc-foil-response,https://fivethirtyeight.com/features/uber-is-taking-millions-of-manhattan-rides-away-from-taxis/
https://github.com/fivethirtyeight/uber-tlc-foil-response,https://fivethirtyeight.com/features/is-uber-making-nyc-rush-hour-traffic-worse/
https://github.com/fivethirtyeight/data/tree/master/steak-survey,https://fivethirtyeight.com/features/how-americans-like-their-steak/
